จังหวัด,เขต,อำเภอ,ตำบล,flag,optional
ตราด,1,,,,
ระนอง,1,,,,
สมุทรสงคราม,1,,,,
สิงห์บุรี,1,,,,
ชัยนาท,1,เมืองชัยนาท,,,
ชัยนาท,1,สรรพยา,,,
ชัยนาท,1,มโนรมย์,,,
ชัยนาท,1,วัดสิงห์,มะขามเฒ่า,เฉพาะ,
ชัยนาท,1,วัดสิงห์,หนองน้อย,เฉพาะ,
ชัยนาท,1,วัดสิงห์,หนองบัว,เฉพาะ,
ชัยนาท,1,วัดสิงห์,เทศบาลตำบลวัดสิงห์,เฉพาะ,
ชัยนาท,1,วัดสิงห์,หนองขุ่น,เฉพาะ,
ชัยนาท,2,สรรคบุรี,,,
ชัยนาท,2,หันคา,,,
ชัยนาท,2,เนินขาม,,,
ชัยนาท,2,หนองมะโมง,,,
ชัยนาท,2,วัดสิงห์,มะขามเฒ่า,ยกเว้น,
ชัยนาท,2,วัดสิงห์,หนองน้อย,ยกเว้น,
ชัยนาท,2,วัดสิงห์,หนองบัว,ยกเว้น,
ชัยนาท,2,วัดสิงห์,เทศบาลตำบลวัดสิงห์,ยกเว้น,
ชัยนาท,2,วัดสิงห์,หนองขุ่น,ยกเว้น,
นครนายก,1,เมืองนครนายก,,,
นครนายก,1,ปากพลี,,,
นครนายก,2,บ้านนา,,,
นครนายก,2,องครักษ์,,,
พังงา,1,เมืองพังงา,,,
พังงา,1,ตะกั่วทุ่ง,,,
พังงา,1,เกาะยาว,,,
พังงา,1,ทับปุด,,,
พังงา,2,กะปง,,,
พังงา,2,ตะกั่วป่า,,,
พังงา,2,คุระบุรี,,,
พังงา,2,ท้ายเหมือง,,,
มุกดาหาร,1,เมืองมุกดาหาร,มุกดาหาร,เฉพาะ,
มุกดาหาร,1,เมืองมุกดาหาร,ศรีบุญเรือง,เฉพาะ,
มุกดาหาร,1,เมืองมุกดาหาร,คำอาฮวน,เฉพาะ,
มุกดาหาร,1,เมืองมุกดาหาร,ดงเย็น,เฉพาะ,
มุกดาหาร,1,เมืองมุกดาหาร,บางทรายใหญ่,เฉพาะ,
มุกดาหาร,1,เมืองมุกดาหาร,บ้านโคก,เฉพาะ,
มุกดาหาร,1,เมืองมุกดาหาร,คำป่าหลาย,เฉพาะ,
มุกดาหาร,1,เมืองมุกดาหาร,กุดแข้,เฉพาะ,
มุกดาหาร,1,เมืองมุกดาหาร,นาสีนวน,เฉพาะ,
มุกดาหาร,1,เมืองมุกดาหาร,โพนทราย,เฉพาะ,
มุกดาหาร,1,ดอนตาล,,,
มุกดาหาร,1,หว้านใหญ่,,,
มุกดาหาร,2,เมืองมุกดาหาร,ผึ่งแดด,เฉพาะ,
มุกดาหาร,2,เมืองมุกดาหาร,ดงมอน,เฉพาะ,
มุกดาหาร,2,เมืองมุกดาหาร,นาโสก,เฉพาะ,
มุกดาหาร,2,คำชะอี,,,
มุกดาหาร,2,นิคมคำสร้อย,,,
มุกดาหาร,2,ดงหลวง,,,
มุกดาหาร,2,หนองสูง,,,
แม่ฮ่องสอน,1,เมืองแม่ฮ่องสอน,,,
แม่ฮ่องสอน,1,ขุนยวม,,,
แม่ฮ่องสอน,1,ปาย,,,
แม่ฮ่องสอน,1,ปางมะผ้า,,,
แม่ฮ่องสอน,2,แม่สะเรียง,,,
แม่ฮ่องสอน,2,แม่ลาน้อย,,,
แม่ฮ่องสอน,2,สบเมย,,,
ลำพูน,1,เมืองลำพูน,,,
ลำพูน,1,แม่ทา,,,
ลำพูน,1,บ้านธิ,,,
ลำพูน,2,เวียงหนองล่อง,,,
ลำพูน,2,บ้านโฮ่ง,,,
ลำพูน,2,ทุ่งหัวช้าง,,,
ลำพูน,2,ลี้,,,
ลำพูน,2,ป่าซาง,,,
สตูล,1,เมืองสตูล,,,
สตูล,1,ควนโดน,,,
สตูล,1,ควนกาหลง,ทุ่งนุ้ย,เฉพาะ,
สตูล,2,ละงู,,,
สตูล,2,ท่าแพ,,,
สตูล,2,ทุ่งหว้า,,,
สตูล,2,มะนัง,,,
สตูล,2,ควนกาหลง,ทุ่งนุ้ย,ยกเว้น,
อ่างทอง,1,เมืองอ่างทอง,,,
อ่างทอง,1,ป่าโมก,,,
อ่างทอง,1,วิเศษชัยชาญ,ม่วงเตี้ย,ยกเว้น,
อ่างทอง,1,วิเศษชัยชาญ,สาวร้องไห้,ยกเว้น,
อ่างทอง,2,โพธิ์ทอง,,,
อ่างทอง,2,ไชโย,,,
อ่างทอง,2,แสวงหา,,,
อ่างทอง,2,สามโก้,,,
อ่างทอง,2,วิเศษชัยชาญ,ม่วงเตี้ย,เฉพาะ,
อ่างทอง,2,วิเศษชัยชาญ,สาวร้องไห้,เฉพาะ,
อำนาจเจริญ,1,เมืองอำนาจเจริญ,,,
อำนาจเจริญ,1,หัวตะพาน,,,
อำนาจเจริญ,2,เสนางคนิคม,,,
อำนาจเจริญ,2,ชานุมาน,,,
อำนาจเจริญ,2,ปทุมราชวงศา,,,
อำนาจเจริญ,2,พนา,,,
อำนาจเจริญ,2,ลืออำนาจ,,,
อุทัยธานี,1,เมืองอุทัยธานี,,,
อุทัยธานี,1,หนองขาหย่าง,,,
อุทัยธานี,1,ทัพทัน,,,
อุทัยธานี,1,สว่างอารมณ์,,,
อุทัยธานี,1,หนองฉาง,เขาบางแกรก,ยกเว้น,
อุทัยธานี,1,หนองฉาง,ทุ่งโพ,ยกเว้น,
อุทัยธานี,1,หนองฉาง,เขากวางทอง,ยกเว้น,
อุทัยธานี,2,ลานสัก,,,
อุทัยธานี,2,ห้วยคต,,,
อุทัยธานี,2,บ้านไร่,,,
อุทัยธานี,2,หนองฉาง,เขาบางแกรก,เฉพาะ,
อุทัยธานี,2,หนองฉาง,ทุ่งโพ,เฉพาะ,
อุทัยธานี,2,หนองฉาง,เขากวางทอง,เฉพาะ,
กระบี่,1,เมืองกระบี่,,,
กระบี่,1,เหนือคลอง,โคกยาง,ยกเว้น,
กระบี่,1,เหนือคลอง,ห้วยยูง,ยกเว้น,
กระบี่,1,เหนือคลอง,ปกาสัย,ยกเว้น,
กระบี่,2,อ่าวลึก,,,
กระบี่,2,ปลายพระยา,,,
กระบี่,2,เขาพนม,,,
กระบี่,3,คลองท่อม,,,
กระบี่,3,ลำทับ,,,
กระบี่,3,เกาะลันตา,,,
กระบี่,3,เหนือคลอง,โคกยาง,เฉพาะ,
กระบี่,3,เหนือคลอง,ห้วยยูง,เฉพาะ,
กระบี่,3,เหนือคลอง,ปกาสัย,เฉพาะ,
จันทบุรี,1,เมืองจันทบุรี,,,
จันทบุรี,1,แหลมสิงห์,,,
จันทบุรี,1,มะขาม,ท่าหลวง,เฉพาะ,
จันทบุรี,1,มะขาม,มะขาม,เฉพาะ,
จันทบุรี,1,มะขาม,อ่างคีรี,เฉพาะ,
จันทบุรี,1,มะขาม,วังแซ้ม,เฉพาะ,
จันทบุรี,2,ท่าใหม่,,,
จันทบุรี,2,นายายอาม,,,
จันทบุรี,2,แก่งหางแมว,,,
จันทบุรี,2,เขาคิชฌกูฏ,,,
จันทบุรี,3,ขลุง,,,
จันทบุรี,3,โป่งน้ำร้อน,,,
จันทบุรี,3,สอยดาว,,,
จันทบุรี,3,มะขาม,ท่าหลวง,ยกเว้น,
จันทบุรี,3,มะขาม,มะขาม,ยกเว้น,
จันทบุรี,3,มะขาม,อ่างคีรี,ยกเว้น,
จันทบุรี,3,มะขาม,วังแซ้ม,ยกเว้น,
ชุมพร,1,เมืองชุมพร,วังใหม่,ยกเว้น,
ชุมพร,1,เมืองชุมพร,บ้านนา,ยกเว้น,
ชุมพร,1,เมืองชุมพร,หาดพันไกร,ยกเว้น,
ชุมพร,1,เมืองชุมพร,บางลึก,ยกเว้น,
ชุมพร,1,เมืองชุมพร,ถ้ำสิงห์,ยกเว้น,
ชุมพร,1,สวี,เขาทะลุ,ยกเว้น,
ชุมพร,1,สวี,เขาค่าย,ยกเว้น,
ชุมพร,2,เมืองชุมพร,วังใหม่,เฉพาะ,
ชุมพร,2,เมืองชุมพร,บ้านนา,เฉพาะ,
ชุมพร,2,เมืองชุมพร,หาดพันไกร,เฉพาะ,
ชุมพร,2,เมืองชุมพร,บางลึก,เฉพาะ,
ชุมพร,2,เมืองชุมพร,ถ้ำสิงห์,เฉพาะ,
ชุมพร,2,ท่าแซะ,,,
ชุมพร,2,ปะทิว,,,
ชุมพร,3,สวี,เขาทะลุ,เฉพาะ,
ชุมพร,3,สวี,เขาค่าย,เฉพาะ,
ชุมพร,3,หลังสวน,,,
ชุมพร,3,ละแม,,,
ชุมพร,3,พะโต๊ะ,,,
ชุมพร,3,ทุ่งตะโก,,,
ตาก,1,เมืองตาก,,,
ตาก,1,บ้านตาก,สมอโคน,เฉพาะ,
ตาก,1,บ้านตาก,ตากออก,เฉพาะ,
ตาก,1,บ้านตาก,แม่สลิด,เฉพาะ,
ตาก,1,วังเจ้า,,,
ตาก,1,สามเงา,,,
ตาก,2,แม่สอด,แม่กาษา,ยกเว้น,
ตาก,2,แม่สอด,ท่าสายลวด,ยกเว้น,
ตาก,2,แม่สอด,แม่ปะ,ยกเว้น,
ตาก,2,พบพระ,,,
ตาก,2,อุ้มผาง,,,
ตาก,3,แม่สอด,แม่กาษา,เฉพาะ,
ตาก,3,แม่สอด,ท่าสายลวด,เฉพาะ,
ตาก,3,แม่สอด,แม่ปะ,เฉพาะ,
ตาก,3,แม่ระมาด,,,
ตาก,3,ท่าสองยาง,,,
ตาก,3,บ้านตาก,สมอโคน,ยกเว้น,
ตาก,3,บ้านตาก,ตากออก,ยกเว้น,
ตาก,3,บ้านตาก,แม่สลิด,ยกเว้น,
น่าน,1,เมืองน่าน,,,
น่าน,1,ภูเพียง,,,
น่าน,1,ท่าวังผา,,,
น่าน,2,เวียงสา,,,
น่าน,2,นาน้อย,,,
น่าน,2,นาหมื่น,,,
น่าน,2,แม่จริม,,,
น่าน,2,บ้านหลวง,,,
น่าน,2,สันติสุข,,,
น่าน,3,ปัว,,,
น่าน,3,เชียงกลาง,,,
น่าน,3,สองแคว,,,
น่าน,3,บ่อเกลือ,,,
น่าน,3,เฉลิมพระเกียรติ,,,
น่าน,3,ทุ่งช้าง,,,
บึงกาฬ,1,เมืองบึงกาฬ,,,
บึงกาฬ,1,ศรีวิไล,,,
บึงกาฬ,2,เซกา,,,
บึงกาฬ,2,บึงโขงหลง,,,
บึงกาฬ,2,บุ่งคล้า,,,
บึงกาฬ,3,โซ่พิสัย,,,
บึงกาฬ,3,พรเจริญ,,,
บึงกาฬ,3,ปากคาด,,,
ประจวบคีรีขันธ์,1,เมืองประจวบคีรีข,ห้วยทราย,ยกเว้น,
ประจวบคีรีขันธ์,1,กุยบุรี,,,
ประจวบคีรีขันธ์,1,สามร้อยยอด,,,
ประจวบคีรีขันธ์,1,ปราณบุรี,ปากน้ำปราณ,เฉพาะ,
ประจวบคีรีขันธ์,1,ปราณบุรี,เทศบาลตำบลปากน้ำปราณ,เฉพาะ,
ประจวบคีรีขันธ์,2,หัวหิน,,,
ประจวบคีรีขันธ์,2,ปราณบุรี,ปากน้ำปราณ,ยกเว้น,
ประจวบคีรีขันธ์,2,ปราณบุรี,เทศบาลตำบลปากน้ำปราณ,ยกเว้น,
ประจวบคีรีขันธ์,3,ทับสะแก,,,
ประจวบคีรีขันธ์,3,บางสะพาน,,,
ประจวบคีรีขันธ์,3,บางสะพานน้อย,,,
ประจวบคีรีขันธ์,3,เมืองประจวบคีรีข,ห้วยทราย,เฉพาะ,
ปราจีนบุรี,1,เมืองปราจีนบุรี,,,
ปราจีนบุรี,1,บ้านสร้าง,,,
ปราจีนบุรี,1,ศรีมโหสถ,,,
ปราจีนบุรี,2,ศรีมหาโพธิ,,,
ปราจีนบุรี,2,ประจันตคาม,,,
ปราจีนบุรี,2,นาดี,นาดี,เฉพาะ,
ปราจีนบุรี,2,นาดี,บุพราหมณ์,เฉพาะ,
ปราจีนบุรี,2,นาดี,สำพันตา,เฉพาะ,
ปราจีนบุรี,2,นาดี,สะพานหิน,เฉพาะ,
ปราจีนบุรี,2,นาดี,เทศบาลตำบลนาดี,เฉพาะ,
ปราจีนบุรี,3,กบินทร์บุรี,,,
ปราจีนบุรี,3,นาดี,นาดี,ยกเว้น,
ปราจีนบุรี,3,นาดี,บุพราหมณ์,ยกเว้น,
ปราจีนบุรี,3,นาดี,สำพันตา,ยกเว้น,
ปราจีนบุรี,3,นาดี,สะพานหิน,ยกเว้น,
ปราจีนบุรี,3,นาดี,เทศบาลตำบลนาดี,ยกเว้น,
พะเยา,1,เมืองพะเยา,,,
พะเยา,1,แม่ใจ,,,
พะเยา,2,เชียงคำ,,,
พะเยา,2,จุน,,,
พะเยา,2,ภูซาง,,,
พะเยา,3,ดอกคำใต้,,,
พะเยา,3,ภูกามยาว,,,
พะเยา,3,ปง,,,
พะเยา,3,เชียงม่วน,,,
พัทลุง,1,เมืองพัทลุง,,,
พัทลุง,1,เขาชัยสน,,,
พัทลุง,2,ควนขนุน,,,
พัทลุง,2,ป่าพะยอม,,,
พัทลุง,2,ศรีบรรพต,,,
พัทลุง,2,ศรีนครินทร์,,,
พัทลุง,2,กงหรา,สมหวัง,เฉพาะ,
พัทลุง,2,กงหรา,ชะรัด,เฉพาะ,
พัทลุง,3,ตะโหมด,,,
พัทลุง,3,บางแก้ว,,,
พัทลุง,3,ป่าบอน,,,
พัทลุง,3,ปากพะยูน,,,
พัทลุง,3,กงหรา,สมหวัง,ยกเว้น,
พัทลุง,3,กงหรา,ชะรัด,ยกเว้น,
พิจิตร,1,เมืองพิจิตร,,,
พิจิตร,1,สามง่าม,,,
พิจิตร,1,วชิรบารมี,,,
พิจิตร,2,ตะพานหิน,,,
พิจิตร,2,ทับคล้อ,,,
พิจิตร,2,ดงเจริญ,,,
พิจิตร,2,วังทรายพูน,,,
พิจิตร,2,สากเหล็ก,,,
พิจิตร,3,โพทะเล,,,
พิจิตร,3,บางมูลนาก,,,
พิจิตร,3,บึงนาราง,,,
พิจิตร,3,โพธิ์ประทับช้าง,,,
เพชรบุรี,1,เมืองเพชรบุรี,,,
เพชรบุรี,1,บ้านแหลม,บ้านแหลม,ยกเว้น,
เพชรบุรี,1,บ้านแหลม,บางตะบูน,ยกเว้น,
เพชรบุรี,1,บ้านแหลม,บางตะบูนออก,ยกเว้น,
เพชรบุรี,2,ชะอำ,,,
เพชรบุรี,2,ท่ายาง,,,
เพชรบุรี,3,เขาย้อย,,,
เพชรบุรี,3,บ้านลาด,,,
เพชรบุรี,3,หนองหญ้าปล้อง,,,
เพชรบุรี,3,แก่งกระจาน,,,
เพชรบุรี,3,บ้านแหลม,บ้านแหลม,เฉพาะ,
เพชรบุรี,3,บ้านแหลม,บางตะบูน,เฉพาะ,
เพชรบุรี,3,บ้านแหลม,บางตะบูนออก,เฉพาะ,
แพร่,1,เมืองแพร่,วังธง,ยกเว้น,
แพร่,1,เมืองแพร่,วังหงส์,ยกเว้น,
แพร่,1,เมืองแพร่,ท่าข้าม,ยกเว้น,
แพร่,1,เมืองแพร่,แม่ยม,ยกเว้น,
แพร่,1,เมืองแพร่,ห้วยม้า,ยกเว้น,
แพร่,1,เมืองแพร่,แม่หล่าย,ยกเว้น,
แพร่,1,เมืองแพร่,แม่คำมี,ยกเว้น,
แพร่,1,สูงเม่น,หัวฝาย,ยกเว้น,
แพร่,1,สูงเม่น,บ้านปง,ยกเว้น,
แพร่,2,สอง,,,
แพร่,2,ร้องกวาง,,,
แพร่,2,หนองม่วงไข่,,,
แพร่,2,เมืองแพร่,วังธง,เฉพาะ,
แพร่,2,เมืองแพร่,วังหงส์,เฉพาะ,
แพร่,2,เมืองแพร่,ท่าข้าม,เฉพาะ,
แพร่,2,เมืองแพร่,แม่ยม,เฉพาะ,
แพร่,2,เมืองแพร่,ห้วยม้า,เฉพาะ,
แพร่,2,เมืองแพร่,แม่หล่าย,เฉพาะ,
แพร่,2,เมืองแพร่,แม่คำมี,เฉพาะ,
แพร่,3,สูงเม่น,หัวฝาย,เฉพาะ,
แพร่,3,สูงเม่น,บ้านปง,เฉพาะ,
แพร่,3,เด่นชัย,,,
แพร่,3,วังชิ้น,,,
ภูเก็ต,1,เมืองภูเก็ต,ตลาดใหญ่,เฉพาะ,
ภูเก็ต,1,เมืองภูเก็ต,ตลาดเหนือ,เฉพาะ,
ภูเก็ต,1,เมืองภูเก็ต,รัษฎา,เฉพาะ,
ภูเก็ต,1,เมืองภูเก็ต,เกาะแก้ว,เฉพาะ,
ภูเก็ต,2,เมืองภูเก็ต,ตลาดใหญ่,ยกเว้น,
ภูเก็ต,2,เมืองภูเก็ต,ตลาดเหนือ,ยกเว้น,
ภูเก็ต,2,เมืองภูเก็ต,รัษฎา,ยกเว้น,
ภูเก็ต,2,เมืองภูเก็ต,เกาะแก้ว,ยกเว้น,
ภูเก็ต,2,กะทู้,กะทู้,ยกเว้น,
ภูเก็ต,3,ถลาง,,,
ภูเก็ต,3,กะทู้,กะทู้,เฉพาะ,
ยโสธร,1,เมืองยโสธร,,,
ยโสธร,1,ทรายมูล,,,
ยโสธร,1,ป่าติ้ว,ศรีฐาน,เฉพาะ,
ยโสธร,1,ป่าติ้ว,กระจาย,เฉพาะ,
ยโสธร,1,คำเขื่อนแก้ว,ทุ่งมน,เฉพาะ,
ยโสธร,2,คำเขื่อนแก้ว,ทุ่งมน,ยกเว้น,
ยโสธร,2,มหาชนะชัย,,,
ยโสธร,2,ค้อวัง,,,
ยโสธร,2,ป่าติ้ว,ศรีฐาน,ยกเว้น,
ยโสธร,2,ป่าติ้ว,กระจาย,ยกเว้น,
ยโสธร,2,ไทยเจริญ,น้ำคำ,เฉพาะ,
ยโสธร,2,ไทยเจริญ,คำไผ่,เฉพาะ,
ยโสธร,3,เลิงนกทา,,,
ยโสธร,3,กุดชุม,,,
ยโสธร,3,ไทยเจริญ,น้ำคำ,ยกเว้น,
ยโสธร,3,ไทยเจริญ,คำไผ่,ยกเว้น,
ยะลา,1,เมืองยะลา,บุดี,ยกเว้น,
ยะลา,1,เมืองยะลา,เปาะเส้ง,ยกเว้น,
ยะลา,1,เมืองยะลา,บันนังสาเรง,ยกเว้น,
ยะลา,1,ยะหา,ยะหา,เฉพาะ,
ยะลา,1,ยะหา,ตาชี,เฉพาะ,
ยะลา,1,ยะหา,บาโงยซิแน,เฉพาะ,
ยะลา,2,เมืองยะลา,บุดี,เฉพาะ,
ยะลา,2,เมืองยะลา,เปาะเส้ง,เฉพาะ,
ยะลา,2,เมืองยะลา,บันนังสาเรง,เฉพาะ,
ยะลา,2,ยะหา,ยะหา,ยกเว้น,
ยะลา,2,ยะหา,ตาชี,ยกเว้น,
ยะลา,2,ยะหา,บาโงยซิแน,ยกเว้น,
ยะลา,2,รามัน,,,
ยะลา,2,กาบัง,,,
ยะลา,3,กรงปินัง,,,
ยะลา,3,บันนังสตา,,,
ยะลา,3,ธารโต,,,
ยะลา,3,เบตง,,,
สมุทรสาคร,1,เมืองสมุทรสาคร,มหาชัย,เฉพาะ,
สมุทรสาคร,1,เมืองสมุทรสาคร,ท่าฉลอม,เฉพาะ,
สมุทรสาคร,1,เมืองสมุทรสาคร,โกรกกราก,เฉพาะ,
สมุทรสาคร,1,เมืองสมุทรสาคร,บางหญ้าแพรก,เฉพาะ,
สมุทรสาคร,1,เมืองสมุทรสาคร,ท่าทราย,เฉพาะ,
สมุทรสาคร,1,เมืองสมุทรสาคร,โคกขาม,เฉพาะ,
สมุทรสาคร,1,เมืองสมุทรสาคร,พันท้ายนรสิงห์,เฉพาะ,
สมุทรสาคร,1,เมืองสมุทรสาคร,คอกกระบือ,เฉพาะ,
สมุทรสาคร,1,เมืองสมุทรสาคร,บางน้ำจืด,เฉพาะ,
สมุทรสาคร,2,เมืองสมุทรสาคร,นาดี,เฉพาะ,
สมุทรสาคร,2,กระทุ่มแบน,อ้อมน้อย,เฉพาะ,
สมุทรสาคร,2,กระทุ่มแบน,สวนหลวง,เฉพาะ,
สมุทรสาคร,2,กระทุ่มแบน,ท่าไม้,เฉพาะ,
สมุทรสาคร,2,กระทุ่มแบน,ตลาดกระทุ่มแบน,เฉพาะ,
สมุทรสาคร,2,กระทุ่มแบน,แคราย,เฉพาะ,
สมุทรสาคร,2,กระทุ่มแบน,คลองมะเดื่อ,เฉพาะ,
สมุทรสาคร,2,กระทุ่มแบน,ดอนไก่ดี,เฉพาะ,
สมุทรสาคร,3,เมืองสมุทรสาคร,นาโคก,เฉพาะ,
สมุทรสาคร,3,เมืองสมุทรสาคร,กาหลง,เฉพาะ,
สมุทรสาคร,3,เมืองสมุทรสาคร,บางโทรัด,เฉพาะ,
สมุทรสาคร,3,เมืองสมุทรสาคร,ชัยมงคล,เฉพาะ,
สมุทรสาคร,3,เมืองสมุทรสาคร,บ้านบ่อ,เฉพาะ,
สมุทรสาคร,3,เมืองสมุทรสาคร,บางกระเจ้า,เฉพาะ,
สมุทรสาคร,3,เมืองสมุทรสาคร,บ้านเกาะ,เฉพาะ,
สมุทรสาคร,3,เมืองสมุทรสาคร,ท่าจีน,เฉพาะ,
สมุทรสาคร,3,กระทุ่มแบน,ท่าเสา,เฉพาะ,
สมุทรสาคร,3,กระทุ่มแบน,บางยาง,เฉพาะ,
สมุทรสาคร,3,กระทุ่มแบน,หนองนกไข่,เฉพาะ,
สมุทรสาคร,3,บ้านแพ้ว,,,
สระแก้ว,1,เมืองสระแก้ว,,,
สระแก้ว,1,เขาฉกรรจ์,,,
สระแก้ว,1,วังน้ำเย็น,ทุ่งมหาเจริญ,เฉพาะ,
สระแก้ว,2,วัฒนานคร,ช่องกุ่ม,ยกเว้น,
สระแก้ว,2,วัฒนานคร,แซร์ออ,ยกเว้น,
สระแก้ว,2,วังน้ำเย็น,ทุ่งมหาเจริญ,ยกเว้น,
สระแก้ว,2,คลองหาด,,,
สระแก้ว,2,วังสมบูรณ์,,,
สระแก้ว,3,อรัญประเทศ,,,
สระแก้ว,3,ตาพระยา,,,
สระแก้ว,3,โคกสูง,,,
สระแก้ว,3,วัฒนานคร,ช่องกุ่ม,เฉพาะ,
สระแก้ว,3,วัฒนานคร,แซร์ออ,เฉพาะ,
หนองคาย,1,เมืองหนองคาย,พระธาตุบังพวน,ยกเว้น,
หนองคาย,1,เมืองหนองคาย,เวียงคุก,ยกเว้น,
หนองคาย,1,สระใคร,,,
หนองคาย,1,โพนพิสัย,เหล่าต่างคำ,เฉพาะ,
หนองคาย,1,โพนพิสัย,ทุ่งหลวง,เฉพาะ,
หนองคาย,1,โพนพิสัย,สร้างนางขาว,เฉพาะ,
หนองคาย,2,โพนพิสัย,เหล่าต่างคำ,ยกเว้น,
หนองคาย,2,โพนพิสัย,ทุ่งหลวง,ยกเว้น,
หนองคาย,2,โพนพิสัย,สร้างนางขาว,ยกเว้น,
หนองคาย,2,รัตนวาปี,,,
หนองคาย,2,เฝ้าไร่,,,
หนองคาย,3,เมืองหนองคาย,พระธาตุบังพวน,เฉพาะ,
หนองคาย,3,เมืองหนองคาย,เวียงคุก,เฉพาะ,
หนองคาย,3,ท่าบ่อ,,,
หนองคาย,3,ศรีเชียงใหม่,,,
หนองคาย,3,โพธิ์ตาก,,,
หนองคาย,3,สังคม,,,
หนองบัวลำภู,1,เมืองหนองบัวลำภู,,,
หนองบัวลำภู,1,โนนสัง,กุดดู่,เฉพาะ,
หนองบัวลำภู,1,โนนสัง,โนนสัง,เฉพาะ,
หนองบัวลำภู,1,โนนสัง,บ้านค้อ,เฉพาะ,
หนองบัวลำภู,1,โนนสัง,บ้านถิ่น,เฉพาะ,
หนองบัวลำภู,1,โนนสัง,ปางกู่,เฉพาะ,
หนองบัวลำภู,2,ศรีบุญเรือง,,,
หนองบัวลำภู,2,นาวัง,วังปลาป้อม,ยกเว้น,
หนองบัวลำภู,2,โนนสัง,หนองเรือ,เฉพาะ,
หนองบัวลำภู,2,โนนสัง,โนนเมือง,เฉพาะ,
หนองบัวลำภู,2,โนนสัง,โคกใหญ่,เฉพาะ,
หนองบัวลำภู,2,โนนสัง,โคกม่วง,เฉพาะ,
หนองบัวลำภู,2,โนนสัง,นิคมพัฒนา,เฉพาะ,
หนองบัวลำภู,3,นากลาง,,,
หนองบัวลำภู,3,สุวรรณคูหา,,,
หนองบัวลำภู,3,นาวัง,วังปลาป้อม,เฉพาะ,
อุตรดิตถ์,1,เมืองอุตรดิตถ์,,,
อุตรดิตถ์,2,ท่าปลา,,,
อุตรดิตถ์,2,น้ำปาด,,,
อุตรดิตถ์,2,ฟากท่า,,,
อุตรดิตถ์,2,บ้านโคก,,,
อุตรดิตถ์,2,ทองแสนขัน,,,
อุตรดิตถ์,2,พิชัย,นาอิน,เฉพาะ,
อุตรดิตถ์,2,พิชัย,นายาง,เฉพาะ,
อุตรดิตถ์,3,ลับแล,,,
อุตรดิตถ์,3,ตรอน,,,
อุตรดิตถ์,3,พิชัย,นาอิน,ยกเว้น,
อุตรดิตถ์,3,พิชัย,นายาง,ยกเว้น,
กำแพงเพชร,1,เมืองกำแพงเพชร,ในเมือง,เฉพาะ,
กำแพงเพชร,1,เมืองกำแพงเพชร,หนองปลิง,เฉพาะ,
กำแพงเพชร,1,เมืองกำแพงเพชร,เทพนคร,เฉพาะ,
กำแพงเพชร,1,เมืองกำแพงเพชร,อ่างทอง,เฉพาะ,
กำแพงเพชร,1,เมืองกำแพงเพชร,คลองแม่ลาย,เฉพาะ,
กำแพงเพชร,1,เมืองกำแพงเพชร,นครชุม,เฉพาะ,
กำแพงเพชร,1,เมืองกำแพงเพชร,นิคมทุ่งโพธิ์ทะเ,เฉพาะ,
กำแพงเพชร,1,เมืองกำแพงเพชร,วังทอง,เฉพาะ,
กำแพงเพชร,1,เมืองกำแพงเพชร,ลานดอกไม้,เฉพาะ,
กำแพงเพชร,1,เมืองกำแพงเพชร,,เฉพาะ,
กำแพงเพชร,1,เมืองกำแพงเพชร,ท่าขุนราม,เฉพาะ,
กำแพงเพชร,1,เมืองกำแพงเพชร,,เฉพาะ,
กำแพงเพชร,1,เมืองกำแพงเพชร,ทรงธรรม,เฉพาะ,
กำแพงเพชร,1,เมืองกำแพงเพชร,ธำมรงค์,เฉพาะ,
กำแพงเพชร,2,พรานกระต่าย,,,
กำแพงเพชร,2,ลานกระบือ,,,
กำแพงเพชร,2,โกสัมพีนคร,,,
กำแพงเพชร,2,ไทรงาม,มหาชัย,เฉพาะ,
กำแพงเพชร,2,ไทรงาม,พานทอง,เฉพาะ,
กำแพงเพชร,2,ไทรงาม,หนองคล้า,เฉพาะ,
กำแพงเพชร,2,ไทรงาม,หนองทอง,เฉพาะ,
กำแพงเพชร,2,เมืองกำแพงเพชร,สระแก้ว,เฉพาะ,
กำแพงเพชร,3,คลองขลุง,,,
กำแพงเพชร,3,คลองลาน,,,
กำแพงเพชร,3,ปางศิลาทอง,,,
กำแพงเพชร,3,เมืองกำแพงเพชร,ไตรตรึงษ์,เฉพาะ,
กำแพงเพชร,4,ขาณุวรลักษบุรี,,,
กำแพงเพชร,4,บึงสามัคคี,,,
กำแพงเพชร,4,ทรายทองวัฒนา,,,
กำแพงเพชร,4,ไทรงาม,หนองแม่แตง,เฉพาะ,
กำแพงเพชร,4,ไทรงาม,ไทรงาม,เฉพาะ,
กำแพงเพชร,4,ไทรงาม,หนองไม้กอง,เฉพาะ,
ฉะเชิงเทรา,1,เมืองฉะเชิงเทรา,,,
ฉะเชิงเทรา,1,บ้านโพธิ์,เกาะไร่,เฉพาะ,
ฉะเชิงเทรา,1,บ้านโพธิ์,เทพราช,เฉพาะ,
ฉะเชิงเทรา,1,บ้านโพธิ์,คลองประเวศ,เฉพาะ,
ฉะเชิงเทรา,1,บ้านโพธิ์,บางกรูด,เฉพาะ,
ฉะเชิงเทรา,2,ราชสาส์น,,,
ฉะเชิงเทรา,2,บางคล้า,,,
ฉะเชิงเทรา,2,คลองเขื่อน,,,
ฉะเชิงเทรา,2,บางน้ำเปรี้ยว,,,
ฉะเชิงเทรา,2,พนมสารคาม,หนองยาว,เฉพาะ,
ฉะเชิงเทรา,2,พนมสารคาม,พนมสารคาม,เฉพาะ,
ฉะเชิงเทรา,3,สนามชัยเขต,,,
ฉะเชิงเทรา,3,ท่าตะเกียบ,,,
ฉะเชิงเทรา,3,พนมสารคาม,หนองยาว,ยกเว้น,
ฉะเชิงเทรา,3,พนมสารคาม,พนมสารคาม,ยกเว้น,
ฉะเชิงเทรา,4,บางปะกง,,,
ฉะเชิงเทรา,4,แปลงยาว,,,
ฉะเชิงเทรา,4,แปลงยาว,,,
ฉะเชิงเทรา,4,แปลงยาว,,,
ฉะเชิงเทรา,4,แปลงยาว,,,
ฉะเชิงเทรา,4,แปลงยาว,,,
ตรัง,1,เมืองตรัง,,,
ตรัง,2,ห้วยยอด,,,
ตรัง,2,รัษฎา,,,
ตรัง,2,วังวิเศษ,,,
ตรัง,3,นาโยง,,,
ตรัง,3,ปะเหลียน,,,
ตรัง,3,หาดสำราญ,,,
ตรัง,3,ย่านตาขาว,หนองบ่อ,เฉพาะ,
ตรัง,3,ย่านตาขาว,นาชุมเห็ด,เฉพาะ,
ตรัง,3,ย่านตาขาว,ในควน,เฉพาะ,
ตรัง,3,ย่านตาขาว,โพรงจระเข้,เฉพาะ,
ตรัง,4,กันตัง,,,
ตรัง,4,สิเกา,,,
ตรัง,4,ย่านตาขาว,หนองบ่อ,ยกเว้น,
ตรัง,4,ย่านตาขาว,นาชุมเห็ด,ยกเว้น,
ตรัง,4,ย่านตาขาว,ในควน,ยกเว้น,
ตรัง,4,ย่านตาขาว,โพรงจระเข้,ยกเว้น,
นครพนม,1,ศรีสงคราม,,,
นครพนม,1,นาหว้า,,,
นครพนม,1,บ้านแพง,,,
นครพนม,1,นาทม,,,
นครพนม,2,เมืองนครพนม,เทศบาลเมืองนครพนม,เฉพาะ,
นครพนม,2,เมืองนครพนม,ท่าค้อ,เฉพาะ,
นครพนม,2,เมืองนครพนม,นาราชควาย,เฉพาะ,
นครพนม,2,เมืองนครพนม,หนองญาติ,เฉพาะ,
นครพนม,2,เมืองนครพนม,อาจสามารถ,เฉพาะ,
นครพนม,2,ท่าอุเทน,,,
นครพนม,2,โพนสวรรค์,,,
นครพนม,3,เมืองนครพนม,ขามเฒ่า,เฉพาะ,
นครพนม,3,เมืองนครพนม,,เฉพาะ,
นครพนม,3,เมืองนครพนม,นาทราย,เฉพาะ,
นครพนม,3,เมืองนครพนม,ดงขวาง,เฉพาะ,
นครพนม,3,เมืองนครพนม,บ้านกลาง,เฉพาะ,
นครพนม,3,เมืองนครพนม,โพธิ์ตาก,เฉพาะ,
นครพนม,3,ธาตุพนม,,,
นครพนม,3,เรณูนคร,,,
นครพนม,4,เมืองนครพนม,,,
นครพนม,4,เมืองนครพนม,วังตามัว,,
นครพนม,4,นาแก,,,
นครพนม,4,ปลาปาก,,,
นครพนม,4,วังยาง,,,
ลำปาง,1,เมืองลำปาง,บ้านแลง,ยกเว้น,
ลำปาง,1,เมืองลำปาง,บ้านเสด็จ,ยกเว้น,
ลำปาง,1,เมืองลำปาง,เทศบาลเมืองเขลางค์นคร,ยกเว้น,
ลำปาง,1,เมืองลำปาง,พิชัย,ยกเว้น,
ลำปาง,1,เมืองลำปาง,เทศบาลนครลำปาง,ยกเว้น,
ลำปาง,1,ห้างฉัตร,,,
ลำปาง,2,เมืองลำปาง,บ้านแลง,เฉพาะ,
ลำปาง,2,เมืองลำปาง,บ้านเสด็จ,เฉพาะ,
ลำปาง,2,งาว,,,
ลำปาง,2,แจ้ห่ม,,,
ลำปาง,2,วังเหนือ,,,
ลำปาง,2,เมืองปาน,,,
ลำปาง,3,เมืองลำปาง,เทศบาลเมืองเขลางค์นคร,เฉพาะ,
ลำปาง,3,เมืองลำปาง,พิชัย,เฉพาะ,
ลำปาง,3,เมืองลำปาง,เทศบาลนครลำปาง,เฉพาะ,
ลำปาง,3,แม่เมาะ,,,
ลำปาง,3,แม่ทะ,,,
ลำปาง,4,เกาะคา,,,
ลำปาง,4,เสริมงาม,,,
ลำปาง,4,เถิน,,,
ลำปาง,4,แม่พริก,,,
ลำปาง,4,สบปราบ,,,
เลย,1,เมืองเลย,,,
เลย,1,เอราวัณ,,,
เลย,2,ภูหลวง,,,
เลย,2,หนองหิน,,,
เลย,2,ผาขาว,,,
เลย,2,ภูกระดึง,,,
เลย,2,วังสะพุง,ศรีสงคราม,เฉพาะ,
เลย,2,วังสะพุง,หนองหญ้าปล้อง,เฉพาะ,
เลย,2,วังสะพุง,โคกขมิ้น,เฉพาะ,
เลย,3,นาแห้ว,,,
เลย,3,ด่านซ้าย,,,
เลย,3,ภูเรือ,,,
เลย,3,วังสะพุง,ศรีสงคราม,ยกเว้น,
เลย,3,วังสะพุง,หนองหญ้าปล้อง,ยกเว้น,
เลย,3,วังสะพุง,โคกขมิ้น,ยกเว้น,
เลย,4,ท่าลี่,,,
เลย,4,เชียงคาน,,,
เลย,4,ปากชม,,,
เลย,4,นาด้วง,,,
สระบุรี,1,เมืองสระบุรี,หนองโน,ยกเว้น,
สระบุรี,1,เฉลิมพระเกียรติ,,,
สระบุรี,1,แก่งคอย,ห้วยแห้ง,เฉพาะ,
สระบุรี,2,แก่งคอย,ห้วยแห้ง,ยกเว้น,
สระบุรี,2,มวกเหล็ก,,,
สระบุรี,2,วังม่วง,,,
สระบุรี,3,หนองแค,,,
สระบุรี,3,วิหารแดง,,,
สระบุรี,3,หนองแซง,,,
สระบุรี,3,เมืองสระบุรี,หนองโน,เฉพาะ,
สระบุรี,4,พระพุทธบาท,,,
สระบุรี,4,บ้านหมอ,,,
สระบุรี,4,เสาไห้,,,
สระบุรี,4,หนองโดน,,,
สระบุรี,4,ดอนพุด,,,
สุโขทัย,1,เมืองสุโขทัย,เมืองเก่า,ยกเว้น,
สุโขทัย,1,เมืองสุโขทัย,วังทองแดง,ยกเว้น,
สุโขทัย,1,ศรีสำโรง,บ้านไร่,ยกเว้น,
สุโขทัย,1,ศรีสำโรง,บ้านซ่าน,ยกเว้น,
สุโขทัย,1,ศรีสำโรง,วัดเกาะ,ยกเว้น,
สุโขทัย,1,ศรีสำโรง,นาขุนไกร,ยกเว้น,
สุโขทัย,1,ศรีสำโรง,ราวต้นจันทร์,ยกเว้น,
สุโขทัย,1,กงไกรลาศ,ไกรกลาง,เฉพาะ,
สุโขทัย,1,กงไกรลาศ,ไกรใน,เฉพาะ,
สุโขทัย,1,กงไกรลาศ,กกแรต,เฉพาะ,
สุโขทัย,1,กงไกรลาศ,บ้านใหม่สุขเกษม,เฉพาะ,
สุโขทัย,2,คีรีมาศ,,,
สุโขทัย,2,บ้านด่านลานหอย,,,
สุโขทัย,2,กงไกรลาศ,ไกรกลาง,ยกเว้น,
สุโขทัย,2,กงไกรลาศ,ไกรใน,ยกเว้น,
สุโขทัย,2,กงไกรลาศ,กกแรต,ยกเว้น,
สุโขทัย,2,กงไกรลาศ,บ้านใหม่สุขเกษม,ยกเว้น,
สุโขทัย,3,ทุ่งเสลี่ยม,,,
สุโขทัย,3,สวรรคโลก,ป่ากุมเกาะ,ยกเว้น,
สุโขทัย,3,สวรรคโลก,ในเมือง,ยกเว้น,
สุโขทัย,3,สวรรคโลก,คลองยาง,ยกเว้น,
สุโขทัย,3,สวรรคโลก,ปากน้ำ,ยกเว้น,
สุโขทัย,3,ศรีสำโรง,บ้านไร่,เฉพาะ,
สุโขทัย,3,ศรีสำโรง,บ้านซ่าน,เฉพาะ,
สุโขทัย,3,ศรีสำโรง,วัดเกาะ,เฉพาะ,
สุโขทัย,3,ศรีสำโรง,นาขุนไกร,เฉพาะ,
สุโขทัย,3,ศรีสำโรง,ราวต้นจันทร์,เฉพาะ,
สุโขทัย,3,เมืองสุโขทัย,เมืองเก่า,เฉพาะ,
สุโขทัย,3,เมืองสุโขทัย,วังทองแดง,เฉพาะ,
สุโขทัย,4,ศรีสัชนาลัย,,,
สุโขทัย,4,ศรีนคร,,,
สุโขทัย,4,สวรรคโลก,ป่ากุมเกาะ,เฉพาะ,
สุโขทัย,4,สวรรคโลก,ในเมือง,เฉพาะ,
สุโขทัย,4,สวรรคโลก,คลองยาง,เฉพาะ,
สุโขทัย,4,สวรรคโลก,ปากน้ำ,เฉพาะ,
กาญจนบุรี,1,เมืองกาญจนบุรี,บ้านเก่า,ยกเว้น,
กาญจนบุรี,1,บ่อพลอย,หนองกุ่ม,เฉพาะ,
กาญจนบุรี,2,ท่าม่วง,,,
กาญจนบุรี,2,ด่านมะขามเตี้ย,,,
กาญจนบุรี,2,พนมทวน,หนองโรง,เฉพาะ,
กาญจนบุรี,2,พนมทวน,ทุ่งสมอ,เฉพาะ,
กาญจนบุรี,2,พนมทวน,ดอนเจดีย์,เฉพาะ,
กาญจนบุรี,2,พนมทวน,หนองสาหร่าย,เฉพาะ,
กาญจนบุรี,3,ท่ามะกา,,,
กาญจนบุรี,3,พนมทวน,หนองโรง,ยกเว้น,
กาญจนบุรี,3,พนมทวน,ทุ่งสมอ,ยกเว้น,
กาญจนบุรี,3,พนมทวน,ดอนเจดีย์,ยกเว้น,
กาญจนบุรี,3,พนมทวน,หนองสาหร่าย,ยกเว้น,
กาญจนบุรี,4,เลาขวัญ,,,
กาญจนบุรี,4,ห้วยกระเจา,,,
กาญจนบุรี,4,บ่อพลอย,หนองกุ่ม,ยกเว้น,
กาญจนบุรี,4,หนองปรือ,,,
กาญจนบุรี,5,ทองผาภูมิ,,,
กาญจนบุรี,5,สังขละบุรี,,,
กาญจนบุรี,5,ไทรโยค,,,
กาญจนบุรี,5,ศรีสวัสดิ์,,,
กาญจนบุรี,5,เมืองกาญจนบุรี,บ้านเก่า,เฉพาะ,
นราธิวาส,1,เมืองนราธิวาส,,,
นราธิวาส,1,ยี่งอ,,,
นราธิวาส,2,ตากใบ,,,
นราธิวาส,2,สุไหงโก-ลก,,,
นราธิวาส,3,แว้ง,,,
นราธิวาส,3,สุไหงปาดี,,,
นราธิวาส,3,เจาะไอร้อง,,,
นราธิวาส,4,ระแงะ,,,
นราธิวาส,4,จะแนะ,,,
นราธิวาส,4,สุคิริน,,,
นราธิวาส,5,บาเจาะ,,,
นราธิวาส,5,รือเสาะ,,,
นราธิวาส,5,ศรีสาคร,,,
ปัตตานี,1,เมืองปัตตานี,,,
ปัตตานี,2,หนองจิก,,,
ปัตตานี,2,โคกโพธิ์,,,
ปัตตานี,3,ยะรัง,,,
ปัตตานี,3,แม่ลาน,,,
ปัตตานี,3,ทุ่งยางแดง,,,
ปัตตานี,4,สายบุรี,,,
ปัตตานี,4,ไม้แก่น,,,
ปัตตานี,4,กะพ้อ,,,
ปัตตานี,4,ปะนาเระ,,,
ปัตตานี,5,ยะหริ่ง,,,
ปัตตานี,5,มายอ,,,
พระนครศรีอยุธยา,1,บางบาล,,,
พระนครศรีอยุธยา,1,พระนครศรีอยุธยา,,,
พระนครศรีอยุธยา,2,ท่าเรือ,,,
พระนครศรีอยุธยา,2,นครหลวง,,,
พระนครศรีอยุธยา,2,บางปะหัน,,,
พระนครศรีอยุธยา,2,บ้านแพรก,,,
พระนครศรีอยุธยา,2,มหาราช,,,
พระนครศรีอยุธยา,3,วังน้อย,,,
พระนครศรีอยุธยา,3,ภาชี,,,
พระนครศรีอยุธยา,3,อุทัย,,,
พระนครศรีอยุธยา,4,บางไทร,,,
พระนครศรีอยุธยา,4,บางปะอิน,,,
พระนครศรีอยุธยา,5,บางซ้าย,,,
พระนครศรีอยุธยา,5,ผักไห่,,,
พระนครศรีอยุธยา,5,ลาดบัวหลวง,,,
พระนครศรีอยุธยา,5,เสนา,,,
พิษณุโลก,1,เมืองพิษณุโลก,ในเมือง,เฉพาะ,เทศบาลนครพิษณุโลก
พิษณุโลก,1,เมืองพิษณุโลก,วังน้ำคู้,เฉพาะ,
พิษณุโลก,1,เมืองพิษณุโลก,วัดจันทร์,เฉพาะ,
พิษณุโลก,1,เมืองพิษณุโลก,วัดพริก,เฉพาะ,
พิษณุโลก,1,เมืองพิษณุโลก,ท่าทอง,เฉพาะ,
พิษณุโลก,1,เมืองพิษณุโลก,บ้านคลอง,เฉพาะ,
พิษณุโลก,1,เมืองพิษณุโลก,บึงพระ,เฉพาะ,
พิษณุโลก,1,เมืองพิษณุโลก,อรัญญิก,เฉพาะ,เทศบาลเมืองอรัญญิก
พิษณุโลก,1,เมืองพิษณุโลก,พลายชุมพล,เฉพาะ,เทศบาลตำบลพลายชุมพล
พิษณุโลก,2,พรหมพิราม,พรหมพิราม,เฉพาะ,
พิษณุโลก,2,พรหมพิราม,ท่าช้าง,เฉพาะ,
พิษณุโลก,2,พรหมพิราม,วงฆ้อง,เฉพาะ,
พิษณุโลก,2,พรหมพิราม,มะตูม,เฉพาะ,
พิษณุโลก,2,พรหมพิราม,หอกลอง,เฉพาะ,
พิษณุโลก,2,พรหมพิราม,ศรีภิรมย์,เฉพาะ,
พิษณุโลก,2,พรหมพิราม,ตลุกเทียม,เฉพาะ,
พิษณุโลก,2,พรหมพิราม,วังวน,เฉพาะ,
พิษณุโลก,2,พรหมพิราม,หนองแขม,เฉพาะ,
พิษณุโลก,2,พรหมพิราม,มะต้อง,เฉพาะ,
พิษณุโลก,2,พรหมพิราม,ทับยายเชียง,เฉพาะ,
พิษณุโลก,2,พรหมพิราม,ดงประคำ,เฉพาะ,
พิษณุโลก,2,พรหมพิราม,เทศบาลตำบลวงฆ้อง,เฉพาะ,วงฆ้อง
พิษณุโลก,2,พรหมพิราม,เทศบาลตำบลวงฆ้อง,เฉพาะ,มะต้อง
พิษณุโลก,2,พรหมพิราม,เทศบาลตำบลวงฆ้อง,เฉพาะ,เทศบาลตำบลพรหมพิราม
พิษณุโลก,2,เมืองพิษณุโลก,สมอแข,เฉพาะ,
พิษณุโลก,2,เมืองพิษณุโลก,ดอนทอง,เฉพาะ,
พิษณุโลก,2,เมืองพิษณุโลก,บ้านป่า,เฉพาะ,
พิษณุโลก,2,เมืองพิษณุโลก,ปากโทก,เฉพาะ,
พิษณุโลก,2,เมืองพิษณุโลก,หัวรอ,เฉพาะ,
พิษณุโลก,2,เมืองพิษณุโลก,จอมทอง,เฉพาะ,
พิษณุโลก,2,เมืองพิษณุโลก,บ้านกร่าง,เฉพาะ,
พิษณุโลก,2,เมืองพิษณุโลก,มะขามสูง,เฉพาะ,
พิษณุโลก,2,เมืองพิษณุโลก,ไผ่ขอดอน,เฉพาะ,
พิษณุโลก,3,วังทอง,วังทอง,เฉพาะ,
พิษณุโลก,3,วังทอง,พันชาลี,เฉพาะ,
พิษณุโลก,3,วังทอง,แม่ระกา,เฉพาะ,
พิษณุโลก,3,วังทอง,บ้านกลาง,เฉพาะ,
พิษณุโลก,3,วังทอง,วังพิกุล,เฉพาะ,
พิษณุโลก,3,วังทอง,แก่งโสภา,เฉพาะ,
พิษณุโลก,3,วังทอง,ท่าหมื่นราม,เฉพาะ,
พิษณุโลก,3,วังทอง,วังนกแอ่น,เฉพาะ,
พิษณุโลก,3,วังทอง,หนองพระ,เฉพาะ,
พิษณุโลก,3,วังทอง,ชัยนาม,เฉพาะ,
พิษณุโลก,3,วังทอง,ดินทอง,เฉพาะ,
พิษณุโลก,3,วังทอง,เทศบาลตำบลวังทอง,เฉพาะ,
พิษณุโลก,3,เนินมะปราง,ชมพู,เฉพาะ,
พิษณุโลก,3,เนินมะปราง,วังโพรง,เฉพาะ,
พิษณุโลก,3,เนินมะปราง,บ้านน้อยซุ้มขี้เ,เฉพาะ,
พิษณุโลก,3,เนินมะปราง,เนินมะปราง,เฉพาะ,
พิษณุโลก,3,เนินมะปราง,วังยาง,เฉพาะ,
พิษณุโลก,3,เนินมะปราง,บ้านมุง,เฉพาะ,
พิษณุโลก,3,เนินมะปราง,เทศบาลตำบลบ้านมุง,เฉพาะ,
พิษณุโลก,3,เนินมะปราง,ไทรย้อย,เฉพาะ,
พิษณุโลก,3,เนินมะปราง,เทศบาลตำบลไทรย้อย,เฉพาะ,
พิษณุโลก,3,เนินมะปราง,เทศบาลตำบลเนินมะปราง,เฉพาะ,
พิษณุโลก,4,บางระกำ,บางระกำ,เฉพาะ,
พิษณุโลก,4,บางระกำ,วังอิทก,เฉพาะ,
พิษณุโลก,4,บางระกำ,บึงกอก,เฉพาะ,
พิษณุโลก,4,บางระกำ,หนองกุลา,เฉพาะ,
พิษณุโลก,4,บางระกำ,ชุมแสงสงคราม,เฉพาะ,
พิษณุโลก,4,บางระกำ,นิคมพัฒนา,เฉพาะ,
พิษณุโลก,4,บางระกำ,บ่อทอง,เฉพาะ,
พิษณุโลก,4,บางระกำ,ท่านางงาม,เฉพาะ,
พิษณุโลก,4,บางระกำ,คุยม่วง,เฉพาะ,
พิษณุโลก,4,บางระกำ,พันเสา,เฉพาะ,เทศบาลตำบลพันเสา
พิษณุโลก,4,บางระกำ,พันเสา,เฉพาะ,เทศบาลตำบลบางระกำ
พิษณุโลก,4,บางระกำ,ปลักแรด,เฉพาะ,เทศบาลตำบลปลักแรด
พิษณุโลก,4,บางระกำ,ปลักแรด,เฉพาะ,เทศบาลตำบลบึงระมาณ
พิษณุโลก,4,บางกระทุ่ม,บางกระทุ่ม,เฉพาะ,
พิษณุโลก,4,บางกระทุ่ม,บ้านไร่,เฉพาะ,
พิษณุโลก,4,บางกระทุ่ม,โคกสลุด,เฉพาะ,
พิษณุโลก,4,บางกระทุ่ม,สนามคลี,เฉพาะ,
พิษณุโลก,4,บางกระทุ่ม,ท่าตาล,เฉพาะ,
พิษณุโลก,4,บางกระทุ่ม,ไผ่ล้อม,เฉพาะ,
พิษณุโลก,4,บางกระทุ่ม,นครป่าหมาก,เฉพาะ,
พิษณุโลก,4,บางกระทุ่ม,เทศบาลตำบลบางกระทุ่ม,เฉพาะ,
พิษณุโลก,4,บางกระทุ่ม,เทศบาลตำบลเนินกุ่ม,เฉพาะ,เนินกุ่ม
พิษณุโลก,4,บางกระทุ่ม,เทศบาลตำบลเนินกุ่ม,เฉพาะ,วัดตายม
พิษณุโลก,4,เมืองพิษณุโลก,ท่าโพธิ์,เฉพาะ,
พิษณุโลก,4,เมืองพิษณุโลก,งิ้วงาม,เฉพาะ,
พิษณุโลก,5,นครไทย,หนองกะท้าว,เฉพาะ,
พิษณุโลก,5,นครไทย,เนินเพิ่ม,เฉพาะ,
พิษณุโลก,5,นครไทย,นาบัว,เฉพาะ,
พิษณุโลก,5,นครไทย,นครชุม,เฉพาะ,
พิษณุโลก,5,นครไทย,น้ำกุ่ม,เฉพาะ,
พิษณุโลก,5,นครไทย,ยางโกลน,เฉพาะ,
พิษณุโลก,5,นครไทย,บ่อโพธิ์,เฉพาะ,
พิษณุโลก,5,นครไทย,บ้านพร้าว,เฉพาะ,
พิษณุโลก,5,นครไทย,ห้วยเฮี้ย,เฉพาะ,
พิษณุโลก,5,นครไทย,บ้านแยง,เฉพาะ,เทศบาลตำบลบ้านแยง
พิษณุโลก,5,นครไทย,นครไทย,เฉพาะ,เทศบาลตำบลนครไทย
พิษณุโลก,5,วัดโบสถ์,วัดโบสถ์,เฉพาะ,
พิษณุโลก,5,วัดโบสถ์,ท่างาม,เฉพาะ,
พิษณุโลก,5,วัดโบสถ์,ท้อแท้,เฉพาะ,
พิษณุโลก,5,วัดโบสถ์,บ้านยาง,เฉพาะ,
พิษณุโลก,5,วัดโบสถ์,หินลาด,เฉพาะ,
พิษณุโลก,5,วัดโบสถ์,คันโช้ง,เฉพาะ,
พิษณุโลก,5,วัดโบสถ์,เทศบาลตำบลวัดโบสถ์,เฉพาะ,วัดโบสถ์
พิษณุโลก,5,วัดโบสถ์,เทศบาลตำบลวัดโบสถ์,เฉพาะ,ท่างาม
พิษณุโลก,5,วัดโบสถ์,เทศบาลตำบลวัดโบสถ์,เฉพาะ,ท้อแท้
พิษณุโลก,5,ชาติตระการ,ป่าแดง,เฉพาะ,
พิษณุโลก,5,ชาติตระการ,ชาติตระการ,เฉพาะ,
พิษณุโลก,5,ชาติตระการ,สวนเมี่ยง,เฉพาะ,
พิษณุโลก,5,ชาติตระการ,บ้านดง,เฉพาะ,
พิษณุโลก,5,ชาติตระการ,บ่อภาค,เฉพาะ,
พิษณุโลก,5,ชาติตระการ,ท่าสะแก,เฉพาะ,
ระยอง,1,เมืองระยอง,เทศบาลเมืองมาบตาพุด,เฉพาะ,
ระยอง,1,เมืองระยอง,เทศบาลตำบลเนินพระ,เฉพาะ,
ระยอง,1,เมืองระยอง,เทศบาลตำบลทับมา,เฉพาะ,
ระยอง,1,เมืองระยอง,เทศบาลตำบลน้ำคอก,เฉพาะ,
ระยอง,1,เมืองระยอง,นาตาขวัญ,เฉพาะ,
ระยอง,1,เมืองระยอง,บ้านแลง,เฉพาะ,
ระยอง,1,นิคมพัฒนา,เทศบาลเมืองมาบตาพุด,เฉพาะ,
ระยอง,1,บ้านค่าย,ตาขัน,เฉพาะ,
ระยอง,2,เมืองระยอง,เทศบาลเมืองมาบตาพุด,ยกเว้น,
ระยอง,2,เมืองระยอง,เทศบาลตำบลเนินพระ,ยกเว้น,
ระยอง,2,เมืองระยอง,เทศบาลตำบลทับมา,ยกเว้น,
ระยอง,2,เมืองระยอง,เทศบาลตำบลน้ำคอก,ยกเว้น,
ระยอง,2,เมืองระยอง,นาตาขวัญ,ยกเว้น,
ระยอง,2,เมืองระยอง,บ้านแลง,ยกเว้น,
ระยอง,3,แกลง,,,
ระยอง,3,เขาชะเมา,,,
ระยอง,4,บ้านค่าย,ตาขัน,ยกเว้น,
ระยอง,4,วังจันทร์,,,
ระยอง,4,ปลวกแดง,แม่น้ำคู้,ยกเว้น,
ระยอง,5,บ้านฉาง,,,
ระยอง,5,นิคมพัฒนา,เทศบาลเมืองมาบตาพุด,ยกเว้น,
ระยอง,5,ปลวกแดง,แม่น้ำคู้,เฉพาะ,
ราชบุรี,1,เมืองราชบุรี,ห้วยไผ่,,
ราชบุรี,1,เมืองราชบุรี,ดอนแร่,,
ราชบุรี,1,เมืองราชบุรี,อ่างทอง,,
ราชบุรี,2,เมืองราชบุรี,ห้วยไผ่,,
ราชบุรี,2,เมืองราชบุรี,ดอนแร่,,
ราชบุรี,2,เมืองราชบุรี,อ่างทอง,,
ราชบุรี,2,ปากท่อ,,,
ราชบุรี,2,วัดเพลง,,,
ราชบุรี,2,บ้านคา,,,
ราชบุรี,3,โพธาราม,บ้านฆ้อง,ยกเว้น,
ราชบุรี,3,โพธาราม,บ้านสิงห์,ยกเว้น,
ราชบุรี,3,โพธาราม,ดอนทราย,ยกเว้น,
ราชบุรี,3,จอมบึง,,,
ราชบุรี,4,บ้านโป่ง,,,
ราชบุรี,5,ดำเนินสะดวก,,,
ราชบุรี,5,บางแพ,,,
ราชบุรี,5,โพธาราม,บ้านฆ้อง,เฉพาะ,
ราชบุรี,5,โพธาราม,บ้านสิงห์,เฉพาะ,
ราชบุรี,5,โพธาราม,ดอนทราย,เฉพาะ,
ลพบุรี,1,เมืองลพบุรี,เทศบาลเมืองลพบุรี,เฉพาะ,
ลพบุรี,1,เมืองลพบุรี,เทศบาลเมืองเขาสามยอด,เฉพาะ,
ลพบุรี,1,เมืองลพบุรี,เทศบาลตำบลถนนใหญ่,เฉพาะ,
ลพบุรี,1,เมืองลพบุรี,เทศบาลตำบลกกโก,เฉพาะ,
ลพบุรี,1,เมืองลพบุรี,เทศบาลตำบลป่าตาล,เฉพาะ,
ลพบุรี,1,เมืองลพบุรี,ทะเลชุบศร,เฉพาะ,
ลพบุรี,1,เมืองลพบุรี,ท่าแค,เฉพาะ,
ลพบุรี,1,เมืองลพบุรี,โคกกะเทียม,เฉพาะ,
ลพบุรี,1,เมืองลพบุรี,พรหมมาสตร์,เฉพาะ,
ลพบุรี,1,เมืองลพบุรี,โพธิ์เก้าต้น,เฉพาะ,
ลพบุรี,1,เมืองลพบุรี,บางขันหมาก,เฉพาะ,
ลพบุรี,1,เมืองลพบุรี,โคกลำพาน,เฉพาะ,
ลพบุรี,2,เมืองลพบุรี,เทศบาลตำบลเขาพระงาม,เฉพาะ,
ลพบุรี,2,เมืองลพบุรี,เทศบาลตำบลท่าศาลา,เฉพาะ,
ลพบุรี,2,เมืองลพบุรี,เทศบาลตำบลโคกตูม,เฉพาะ,
ลพบุรี,2,โคกสำโรง,ห้วยโป่ง,เฉพาะ,
ลพบุรี,2,โคกสำโรง,หลุมข้าว,เฉพาะ,
ลพบุรี,2,พัฒนานิคม,,,
ลพบุรี,3,เมืองลพบุรี,ดอนโพธิ์,เฉพาะ,
ลพบุรี,3,เมืองลพบุรี,โก่งธนู,เฉพาะ,
ลพบุรี,3,เมืองลพบุรี,งิ้วราย,เฉพาะ,
ลพบุรี,3,เมืองลพบุรี,ตะลุง,เฉพาะ,
ลพบุรี,3,เมืองลพบุรี,โพธิ์ตรุ,เฉพาะ,
ลพบุรี,3,เมืองลพบุรี,ท้ายตลาด,เฉพาะ,
ลพบุรี,3,เมืองลพบุรี,บ้านข่อย,เฉพาะ,
ลพบุรี,3,เมืองลพบุรี,สี่คลอง,เฉพาะ,
ลพบุรี,3,ท่าวุ้ง,,,
ลพบุรี,3,บ้านหมี่,,,
ลพบุรี,4,โคกสำโรง,ห้วยโป่ง,ยกเว้น,
ลพบุรี,4,โคกสำโรง,หลุมข้าว,ยกเว้น,
ลพบุรี,4,หนองม่วง,,,
ลพบุรี,4,สระโบสถ์,,,
ลพบุรี,4,โคกเจริญ,,,
ลพบุรี,5,ชัยบาดาล,,,
ลพบุรี,5,ท่าหลวง,,,
ลพบุรี,5,ลำสนธิ,,,
สุพรรณบุรี,1,เมืองสุพรรณบุรี,,,
สุพรรณบุรี,2,บางปลาม้า,,,
สุพรรณบุรี,2,สองพี่น้อง,เทศบาลเมืองสองพี่น้อง,เฉพาะ,
สุพรรณบุรี,2,สองพี่น้อง,บางตาเถร,เฉพาะ,
สุพรรณบุรี,2,สองพี่น้อง,บางเลน,เฉพาะ,
สุพรรณบุรี,2,สองพี่น้อง,ศรีสำราญ,เฉพาะ,
สุพรรณบุรี,2,สองพี่น้อง,ดอนมะนาว,เฉพาะ,
สุพรรณบุรี,2,สองพี่น้อง,บ้านกุ่ม,เฉพาะ,
สุพรรณบุรี,2,สองพี่น้อง,หัวโพธิ์,เฉพาะ,
สุพรรณบุรี,2,สองพี่น้อง,เนินพระปรางค์,เฉพาะ,
สุพรรณบุรี,2,สองพี่น้อง,บ้านช้าง,เฉพาะ,
สุพรรณบุรี,2,สองพี่น้อง,บางตะเคียน,เฉพาะ,
สุพรรณบุรี,2,สองพี่น้อง,บางพลับ,เฉพาะ,
สุพรรณบุรี,2,สองพี่น้อง,ต้นตาล,เฉพาะ,
สุพรรณบุรี,3,อู่ทอง,,,
สุพรรณบุรี,3,สองพี่น้อง,เทศบาลตำบลเทพา,เฉพาะ,
สุพรรณบุรี,3,สองพี่น้อง,ทุ่งคอก,เฉพาะ,
สุพรรณบุรี,3,สองพี่น้อง,หนองบ่อ,เฉพาะ,
สุพรรณบุรี,3,สองพี่น้อง,บ่อสุพรรณ,เฉพาะ,
สุพรรณบุรี,4,ด่านช้าง,,,
สุพรรณบุรี,4,เดิมบางนางบวช,,,
สุพรรณบุรี,4,หนองหญ้าไซ,แจงงาม,เฉพาะ,
สุพรรณบุรี,4,หนองหญ้าไซ,หนองขาม,เฉพาะ,
สุพรรณบุรี,4,หนองหญ้าไซ,ทัพหลวง,เฉพาะ,
สุพรรณบุรี,4,หนองหญ้าไซ,หนองโพธิ์,เฉพาะ,
สุพรรณบุรี,5,ศรีประจันต์,,,
สุพรรณบุรี,5,สามชุก,,,
สุพรรณบุรี,5,ดอนเจดีย์,,,
สุพรรณบุรี,5,หนองหญ้าไซ,เทศบาลตำบลหนองหญ้าไซ,เฉพาะ,
สุพรรณบุรี,5,หนองหญ้าไซ,หนองหญ้าไซ,เฉพาะ,
สุพรรณบุรี,5,หนองหญ้าไซ,หนองราชวัตร,เฉพาะ,
กาฬสินธุ์,1,เมืองกาฬสินธุ์,,,
กาฬสินธุ์,1,สมเด็จ,หนองแวง,เฉพาะ,
กาฬสินธุ์,1,นามน,ยอดแกง,เฉพาะ,
กาฬสินธุ์,2,ยางตลาด,,,
กาฬสินธุ์,2,ฆ้องชัย,,,
กาฬสินธุ์,3,หนองกุงศรี,,,
กาฬสินธุ์,3,ห้วยเม็ก,,,
กาฬสินธุ์,3,ท่าคันโท,,,
กาฬสินธุ์,4,สมเด็จ,หนองแวง,ยกเว้น,
กาฬสินธุ์,4,สหัสขันธ์,,,
กาฬสินธุ์,4,สามชัย,,,
กาฬสินธุ์,4,คำม่วง,,,
กาฬสินธุ์,5,ห้วยผึ้ง,,,
กาฬสินธุ์,5,นามน,ยอดแกง,ยกเว้น,
กาฬสินธุ์,5,ดอนจาน,,,
กาฬสินธุ์,5,ร่องคำ,,,
กาฬสินธุ์,5,กมลาไสย,,,
กาฬสินธุ์,6,กุฉินารายณ์,,,
กาฬสินธุ์,6,เขาวง,,,
กาฬสินธุ์,6,นาคู,,,
นครปฐม,1,เมืองนครปฐม,หนองดินแดง,เฉพาะ,
นครปฐม,1,เมืองนครปฐม,สระกะเทียม,เฉพาะ,
นครปฐม,1,เมืองนครปฐม,สวนป่าน,เฉพาะ,
นครปฐม,1,เมืองนครปฐม,วังเย็น,เฉพาะ,
นครปฐม,1,เมืองนครปฐม,พระประโทน,เฉพาะ,
นครปฐม,1,เมืองนครปฐม,บางแขม,เฉพาะ,
นครปฐม,1,เมืองนครปฐม,ดอนยายหอม,เฉพาะ,
นครปฐม,1,เมืองนครปฐม,สามควายเผือก,เฉพาะ,
นครปฐม,1,เมืองนครปฐม,ธรรมศาลา,เฉพาะ,
นครปฐม,1,เมืองนครปฐม,ถนนขาด,เฉพาะ,
นครปฐม,1,สามพราน,ตลาดจินดา,เฉพาะ,
นครปฐม,1,สามพราน,คลองจินดา,เฉพาะ,
นครปฐม,1,สามพราน,บางช้าง,เฉพาะ,
นครปฐม,1,สามพราน,คลองใหม่,เฉพาะ,
นครปฐม,1,สามพราน,ท่าตลาด,เฉพาะ,
นครปฐม,1,สามพราน,หอมเกร็ด,เฉพาะ,
นครปฐม,2,เมืองนครปฐม,ทุ่งน้อย,เฉพาะ,
นครปฐม,2,เมืองนครปฐม,สนามจันทร์,เฉพาะ,
นครปฐม,2,เมืองนครปฐม,นครปฐม,เฉพาะ,
นครปฐม,2,เมืองนครปฐม,วังตะกู,เฉพาะ,
นครปฐม,2,เมืองนครปฐม,หนองปากโลง,เฉพาะ,
นครปฐม,2,เมืองนครปฐม,โพรงมะเดื่อ,เฉพาะ,
นครปฐม,2,เมืองนครปฐม,ลำพยา,เฉพาะ,
นครปฐม,2,เมืองนครปฐม,ห้วยจรเข้,เฉพาะ,
นครปฐม,2,เมืองนครปฐม,บ้านยาง,เฉพาะ,
นครปฐม,2,เมืองนครปฐม,บ่อพลับ,เฉพาะ,
นครปฐม,2,เมืองนครปฐม,พระปฐมเจดีย์,เฉพาะ,
นครปฐม,3,เมืองนครปฐม,ทัพหลวง,เฉพาะ,
นครปฐม,3,เมืองนครปฐม,ตาก้อง,เฉพาะ,
นครปฐม,3,เมืองนครปฐม,หนองงูเหลือม,เฉพาะ,
นครปฐม,3,เมืองนครปฐม,มาบแค,เฉพาะ,
นครปฐม,3,กำแพงแสน,กระตีบ,เฉพาะ,
นครปฐม,3,กำแพงแสน,ทุ่งลูกนก,เฉพาะ,
นครปฐม,3,กำแพงแสน,ทุ่งกระพังโหม,เฉพาะ,
นครปฐม,3,กำแพงแสน,ทุ่งบัว,เฉพาะ,
นครปฐม,3,กำแพงแสน,ห้วยขวาง,เฉพาะ,
นครปฐม,3,กำแพงแสน,ทุ่งขวาง,เฉพาะ,
นครปฐม,3,กำแพงแสน,ห้วยหมอนทอง,เฉพาะ,
นครปฐม,3,กำแพงแสน,กำแพงแสน,เฉพาะ,
นครปฐม,3,กำแพงแสน,รางพิกุล,เฉพาะ,
นครปฐม,3,กำแพงแสน,หนองกระทุ่ม,เฉพาะ,
นครปฐม,3,กำแพงแสน,วังน้ำเขียว,เฉพาะ,
นครปฐม,3,กำแพงแสน,ดอนข่อย,เฉพาะ,
นครปฐม,3,กำแพงแสน,สระสี่มุม,เฉพาะ,
นครปฐม,4,ดอนตูม,,,
นครปฐม,4,บางเลน,,,
นครปฐม,4,กำแพงแสน,กระตีบ,ยกเว้น,
นครปฐม,4,กำแพงแสน,ทุ่งลูกนก,ยกเว้น,
นครปฐม,4,กำแพงแสน,ทุ่งกระพังโหม,ยกเว้น,
นครปฐม,4,กำแพงแสน,ทุ่งบัว,ยกเว้น,
นครปฐม,4,กำแพงแสน,ห้วยขวาง,ยกเว้น,
นครปฐม,4,กำแพงแสน,ทุ่งขวาง,ยกเว้น,
นครปฐม,4,กำแพงแสน,ห้วยหมอนทอง,ยกเว้น,
นครปฐม,4,กำแพงแสน,กำแพงแสน,ยกเว้น,
นครปฐม,4,กำแพงแสน,รางพิกุล,ยกเว้น,
นครปฐม,4,กำแพงแสน,หนองกระทุ่ม,ยกเว้น,
นครปฐม,4,กำแพงแสน,วังน้ำเขียว,ยกเว้น,
นครปฐม,4,กำแพงแสน,ดอนข่อย,ยกเว้น,
นครปฐม,4,กำแพงแสน,สระสี่มุม,ยกเว้น,
นครปฐม,5,นครชัยศรี,,,
นครปฐม,5,พุทธมณฑล,,,
นครปฐม,6,สามพราน,ตลาดจินดา,ยกเว้น,
นครปฐม,6,สามพราน,คลองจินดา,ยกเว้น,
นครปฐม,6,สามพราน,บางช้าง,ยกเว้น,
นครปฐม,6,สามพราน,คลองใหม่,ยกเว้น,
นครปฐม,6,สามพราน,ท่าตลาด,ยกเว้น,
นครปฐม,6,สามพราน,หอมเกร็ด,ยกเว้น,
นครสวรรค์,1,เมืองนครสวรรค์,บ้านมะเกลือ,เฉพาะ,
นครสวรรค์,1,เมืองนครสวรรค์,บางพระหลวง,เฉพาะ,
นครสวรรค์,1,เมืองนครสวรรค์,บางม่วง,เฉพาะ,
นครสวรรค์,1,เมืองนครสวรรค์,วัดไทร,เฉพาะ,
นครสวรรค์,1,เมืองนครสวรรค์,บึงเสนาท,เฉพาะ,
นครสวรรค์,1,เมืองนครสวรรค์,เกรียงไกร,เฉพาะ,
นครสวรรค์,1,เมืองนครสวรรค์,แควใหญ่,เฉพาะ,
นครสวรรค์,1,เมืองนครสวรรค์,ปากน้ำโพ,เฉพาะ,
นครสวรรค์,1,เมืองนครสวรรค์,นครสวรรค์ตก,เฉพาะ,
นครสวรรค์,1,เมืองนครสวรรค์,นครสวรรค์ออก,เฉพาะ,
นครสวรรค์,1,เมืองนครสวรรค์,ตะเคียนเลื่อน,เฉพาะ,
นครสวรรค์,1,เมืองนครสวรรค์,กลางแดด,เฉพาะ,
นครสวรรค์,2,เมืองนครสวรรค์,บ้านแก่ง,เฉพาะ,
นครสวรรค์,2,เมืองนครสวรรค์,พระนอน,เฉพาะ,
นครสวรรค์,2,เมืองนครสวรรค์,หนองกรด,เฉพาะ,
นครสวรรค์,2,เมืองนครสวรรค์,หนองกระโดน,เฉพาะ,
นครสวรรค์,2,เมืองนครสวรรค์,หนองปลิง,เฉพาะ,
นครสวรรค์,2,พยุหะคีรี,,,
นครสวรรค์,2,โกรกพระ,,,
นครสวรรค์,3,บรรพตพิสัย,,,
นครสวรรค์,3,ชุมแสง,,,
นครสวรรค์,3,เก้าเลี้ยว,,,
นครสวรรค์,4,หนองบัว,,,
นครสวรรค์,4,ไพศาลี,โคกเดื่อ,เฉพาะ,
นครสวรรค์,4,ไพศาลี,วังน้ำลัด,เฉพาะ,
นครสวรรค์,4,ไพศาลี,วังข่อย,เฉพาะ,
นครสวรรค์,4,ไพศาลี,นาขอม,เฉพาะ,
นครสวรรค์,4,ไพศาลี,ไพศาลี,เฉพาะ,
นครสวรรค์,4,ท่าตะโก,,,
นครสวรรค์,5,ตาคลี,,,
นครสวรรค์,5,ตากฟ้า,,,
นครสวรรค์,5,ไพศาลี,ตะคร้อ,เฉพาะ,
นครสวรรค์,5,ไพศาลี,สำโรงชัย,เฉพาะ,
นครสวรรค์,5,ไพศาลี,โพธิ์ประสาท,เฉพาะ,
นครสวรรค์,6,ลาดยาว,,,
นครสวรรค์,6,แม่วงก์,,,
นครสวรรค์,6,แม่เปิน,,,
นครสวรรค์,6,ชุมตาบง,,,
เพชรบูรณ์,1,เมืองเพชรบูรณ์,เทศบาลเมืองเพชรบูรณ์,เฉพาะ,
เพชรบูรณ์,1,เมืองเพชรบูรณ์,ชอนไพร,เฉพาะ,
เพชรบูรณ์,1,เมืองเพชรบูรณ์,นาป่า,เฉพาะ,
เพชรบูรณ์,1,เมืองเพชรบูรณ์,ตะเบาะ,เฉพาะ,
เพชรบูรณ์,1,เมืองเพชรบูรณ์,นายม,เฉพาะ,
เพชรบูรณ์,1,เมืองเพชรบูรณ์,บ้านโตก,เฉพาะ,
เพชรบูรณ์,1,เมืองเพชรบูรณ์,สะเดียง,เฉพาะ,
เพชรบูรณ์,1,เมืองเพชรบูรณ์,น้ำร้อน,เฉพาะ,
เพชรบูรณ์,1,เมืองเพชรบูรณ์,ห้วยใหญ่,เฉพาะ,
เพชรบูรณ์,1,เมืองเพชรบูรณ์,ห้วยสะแก,เฉพาะ,
เพชรบูรณ์,1,เมืองเพชรบูรณ์,บ้านโคก,เฉพาะ,
เพชรบูรณ์,1,เมืองเพชรบูรณ์,ระวิง,เฉพาะ,
เพชรบูรณ์,1,เมืองเพชรบูรณ์,ดงมูลเหล็ก,เฉพาะ,
เพชรบูรณ์,1,เมืองเพชรบูรณ์,เทศบาลตำบลวังชมภู,เฉพาะ,
เพชรบูรณ์,1,เมืองเพชรบูรณ์,วังชมภู,เฉพาะ,
เพชรบูรณ์,2,เมืองเพชรบูรณ์,เทศบาลเมืองเพชรบูรณ์,ยกเว้น,
เพชรบูรณ์,2,เมืองเพชรบูรณ์,ชอนไพร,ยกเว้น,
เพชรบูรณ์,2,เมืองเพชรบูรณ์,นาป่า,ยกเว้น,
เพชรบูรณ์,2,เมืองเพชรบูรณ์,ตะเบาะ,ยกเว้น,
เพชรบูรณ์,2,เมืองเพชรบูรณ์,นายม,ยกเว้น,
เพชรบูรณ์,2,เมืองเพชรบูรณ์,บ้านโตก,ยกเว้น,
เพชรบูรณ์,2,เมืองเพชรบูรณ์,สะเดียง,ยกเว้น,
เพชรบูรณ์,2,เมืองเพชรบูรณ์,น้ำร้อน,ยกเว้น,
เพชรบูรณ์,2,เมืองเพชรบูรณ์,ห้วยใหญ่,ยกเว้น,
เพชรบูรณ์,2,เมืองเพชรบูรณ์,ห้วยสะแก,ยกเว้น,
เพชรบูรณ์,2,เมืองเพชรบูรณ์,บ้านโคก,ยกเว้น,
เพชรบูรณ์,2,เมืองเพชรบูรณ์,ระวิง,ยกเว้น,
เพชรบูรณ์,2,เมืองเพชรบูรณ์,ดงมูลเหล็ก,ยกเว้น,
เพชรบูรณ์,2,เมืองเพชรบูรณ์,เทศบาลตำบลวังชมภู,ยกเว้น,
เพชรบูรณ์,2,เมืองเพชรบูรณ์,วังชมภู,ยกเว้น,
เพชรบูรณ์,2,หล่มสัก,เทศบาลเมืองหล่มสัก,เฉพาะ,
เพชรบูรณ์,2,หล่มสัก,ตาลเดี่ยว,เฉพาะ,
เพชรบูรณ์,2,หล่มสัก,บ้านกลาง,เฉพาะ,
เพชรบูรณ์,2,หล่มสัก,วัดป่า,เฉพาะ,
เพชรบูรณ์,2,หล่มสัก,ช้างตะลูด,เฉพาะ,
เพชรบูรณ์,2,หล่มสัก,หนองไขว่,เฉพาะ,
เพชรบูรณ์,2,หล่มสัก,บ้านไร่,เฉพาะ,
เพชรบูรณ์,2,หล่มสัก,ลานบ่า,เฉพาะ,
เพชรบูรณ์,2,หล่มสัก,ปากดุก,เฉพาะ,
เพชรบูรณ์,2,หล่มสัก,ปากช่อง,เฉพาะ,
เพชรบูรณ์,2,หล่มสัก,บ้านโสก,เฉพาะ,
เพชรบูรณ์,2,หล่มสัก,บ้านติ้ว,เฉพาะ,
เพชรบูรณ์,2,หล่มสัก,ห้วยไร่,เฉพาะ,
เพชรบูรณ์,2,หล่มสัก,,เฉพาะ,
เพชรบูรณ์,3,หล่มเก่า,,,
เพชรบูรณ์,3,เขาค้อ,,,
เพชรบูรณ์,3,หล่มสัก,เทศบาลเมืองหล่มสัก,ยกเว้น,
เพชรบูรณ์,3,หล่มสัก,ตาลเดี่ยว,ยกเว้น,
เพชรบูรณ์,3,หล่มสัก,บ้านกลาง,ยกเว้น,
เพชรบูรณ์,3,หล่มสัก,วัดป่า,ยกเว้น,
เพชรบูรณ์,3,หล่มสัก,ช้างตะลูด,ยกเว้น,
เพชรบูรณ์,3,หล่มสัก,หนองไขว่,ยกเว้น,
เพชรบูรณ์,3,หล่มสัก,บ้านไร่,ยกเว้น,
เพชรบูรณ์,3,หล่มสัก,ลานบ่า,ยกเว้น,
เพชรบูรณ์,3,หล่มสัก,ปากดุก,ยกเว้น,
เพชรบูรณ์,3,หล่มสัก,ปากช่อง,ยกเว้น,
เพชรบูรณ์,3,หล่มสัก,บ้านโสก,ยกเว้น,
เพชรบูรณ์,3,หล่มสัก,บ้านติ้ว,ยกเว้น,
เพชรบูรณ์,3,หล่มสัก,ห้วยไร่,ยกเว้น,
เพชรบูรณ์,3,หล่มสัก,บ้านหวาย,ยกเว้น,
เพชรบูรณ์,4,ชนแดน,,,
เพชรบูรณ์,4,วังโป่ง,,,
เพชรบูรณ์,4,หนองไผ่,เทศบาลตำบลหนองไผ่,เฉพาะ,
เพชรบูรณ์,4,หนองไผ่,หนองไผ่,เฉพาะ,
เพชรบูรณ์,4,หนองไผ่,เทศบาลตำบลเฉลียงทอง,เฉพาะ,
เพชรบูรณ์,4,หนองไผ่,เทศบาลตำบลนาเฉลียง,เฉพาะ,
เพชรบูรณ์,4,หนองไผ่,เทศบาลตำบลบัววัฒนา,เฉพาะ,
เพชรบูรณ์,4,หนองไผ่,ห้วยโป่ง,เฉพาะ,
เพชรบูรณ์,4,หนองไผ่,ยางงาม,เฉพาะ,
เพชรบูรณ์,5,บึงสามพัน,,,
เพชรบูรณ์,5,หนองไผ่,เทศบาลตำบลหนองไผ่,ยกเว้น,
เพชรบูรณ์,5,หนองไผ่,หนองไผ่,ยกเว้น,
เพชรบูรณ์,5,หนองไผ่,เทศบาลตำบลเฉลียงทอง,ยกเว้น,
เพชรบูรณ์,5,หนองไผ่,เทศบาลตำบลนาเฉลียง,ยกเว้น,
เพชรบูรณ์,5,หนองไผ่,เทศบาลตำบลบัววัฒนา,ยกเว้น,
เพชรบูรณ์,5,หนองไผ่,ห้วยโป่ง,ยกเว้น,
เพชรบูรณ์,5,หนองไผ่,ยางงาม,ยกเว้น,
เพชรบูรณ์,5,วิเชียรบุรี,สามแยก,เฉพาะ,
เพชรบูรณ์,5,วิเชียรบุรี,ยางสาว,เฉพาะ,
เพชรบูรณ์,5,วิเชียรบุรี,โคกปรง,เฉพาะ,
เพชรบูรณ์,5,วิเชียรบุรี,บึงกระจับ,เฉพาะ,
เพชรบูรณ์,6,ศรีเทพ,,,
เพชรบูรณ์,6,วิเชียรบุรี,สามแยก,ยกเว้น,
เพชรบูรณ์,6,วิเชียรบุรี,ยางสาว,ยกเว้น,
เพชรบูรณ์,6,วิเชียรบุรี,โคกปรง,ยกเว้น,
เพชรบูรณ์,6,วิเชียรบุรี,บึงกระจับ,ยกเว้น,
มหาสารคาม,1,เมืองมหาสารคาม,,,
มหาสารคาม,2,วาปีปทุม,,,
มหาสารคาม,2,แกดำ,,,
มหาสารคาม,2,บรบือ,หนองม่วง,เฉพาะ,
มหาสารคาม,2,บรบือ,ยาง,เฉพาะ,
มหาสารคาม,2,บรบือ,บัวมาศ,เฉพาะ,
มหาสารคาม,3,พยัคฆภูมิพิสัย,,,
มหาสารคาม,3,นาดูน,,,
มหาสารคาม,3,ยางสีสุราช,,,
มหาสารคาม,4,บรบือ,หนองม่วง,ยกเว้น,
มหาสารคาม,4,บรบือ,ยาง,ยกเว้น,
มหาสารคาม,4,บรบือ,บัวมาศ,ยกเว้น,
มหาสารคาม,4,นาเชือก,,,
มหาสารคาม,5,โกสุมพิสัย,,,
มหาสารคาม,5,กุดรัง,,,
มหาสารคาม,5,กันทรวิชัย,เขวาใหญ่,เฉพาะ,
มหาสารคาม,6,กันทรวิชัย,เขวาใหญ่,ยกเว้น,
มหาสารคาม,6,เชียงยืน,,,
มหาสารคาม,6,ชื่นชม,,,
ชัยภูมิ,1,เมืองชัยภูมิ,ห้วยต้อน,ยกเว้น,
ชัยภูมิ,1,เมืองชัยภูมิ,ท่าหินโงม,ยกเว้น,
ชัยภูมิ,1,เมืองชัยภูมิ,ซับสีทอง,ยกเว้น,
ชัยภูมิ,2,จัตุรัส,,,
ชัยภูมิ,2,เนินสง่า,,,
ชัยภูมิ,2,บ้านเขว้า,,,
ชัยภูมิ,2,ซับใหญ่,,,
ชัยภูมิ,3,บำเหน็จณรงค์,,,
ชัยภูมิ,3,เทพสถิต,,,
ชัยภูมิ,3,หนองบัวระเหว,,,
ชัยภูมิ,4,หนองบัวแดง,,,
ชัยภูมิ,4,ภักดีชุมพล,,,
ชัยภูมิ,4,เมืองชัยภูมิ,ห้วยต้อน,เฉพาะ,
ชัยภูมิ,4,เกษตรสมบูรณ์,หนองข่า,เฉพาะ,
ชัยภูมิ,5,เกษตรสมบูรณ์,หนองข่า,ยกเว้น,
ชัยภูมิ,5,คอนสาร,,,
ชัยภูมิ,6,ภูเขียว,,,
ชัยภูมิ,6,บ้านแท่น,,,
ชัยภูมิ,7,แก้งคร้อ,,,
ชัยภูมิ,7,คอนสวรรค์,,,
ชัยภูมิ,7,เมืองชัยภูมิ,ท่าหินโงม,เฉพาะ,
ชัยภูมิ,7,เมืองชัยภูมิ,ซับสีทอง,เฉพาะ,
เชียงราย,1,เมืองเชียงราย,เวียง,เฉพาะ,
เชียงราย,1,เมืองเชียงราย,รอบเวียง,เฉพาะ,
เชียงราย,1,เมืองเชียงราย,ริมกก,เฉพาะ,
เชียงราย,1,เมืองเชียงราย,สันทราย,เฉพาะ,
เชียงราย,1,เมืองเชียงราย,ท่าสาย,เฉพาะ,
เชียงราย,1,เมืองเชียงราย,ป่าอ้อดอนชัย,เฉพาะ,
เชียงราย,1,เมืองเชียงราย,แม่กรณ์,เฉพาะ,
เชียงราย,1,เมืองเชียงราย,ดอยฮาง,เฉพาะ,
เชียงราย,1,เมืองเชียงราย,แม่ยาว,เฉพาะ,
เชียงราย,1,เมืองเชียงราย,ห้วยชมภู,เฉพาะ,
เชียงราย,1,เมืองเชียงราย,บ้านดู่,เฉพาะ,
เชียงราย,2,เมืองเชียงราย,นางแล,เฉพาะ,
เชียงราย,2,เมืองเชียงราย,แม่ข้าวต้ม,เฉพาะ,
เชียงราย,2,เมืองเชียงราย,ท่าสุด,เฉพาะ,
เชียงราย,2,เวียงชัย,,,
เชียงราย,2,เวียงเชียงรุ้ง,,,
เชียงราย,2,แม่จัน,แม่จัน,เฉพาะ,
เชียงราย,2,แม่จัน,ป่าตึง,เฉพาะ,
เชียงราย,2,แม่จัน,ป่าซาง,เฉพาะ,
เชียงราย,2,แม่จัน,ท่าข้าวเปลือก,เฉพาะ,
เชียงราย,2,แม่จัน,สันทราย,เฉพาะ,
เชียงราย,3,แม่ลาว,,,
เชียงราย,3,แม่สรวย,,,
เชียงราย,3,เวียงป่าเป้า,,,
เชียงราย,4,เมืองเชียงราย,ดอยลาน,เฉพาะ,
เชียงราย,4,เมืองเชียงราย,ห้วยสัก,เฉพาะ,
เชียงราย,4,พาน,,,
เชียงราย,4,ป่าแดด,,,
เชียงราย,5,เทิง,,,
เชียงราย,5,พญาเม็งราย,,,
เชียงราย,5,ขุนตาล,,,
เชียงราย,5,เชียงของ,บุญเรือง,เฉพาะ,
เชียงราย,6,แม่สาย,,,
เชียงราย,6,แม่ฟ้าหลวง,,,
เชียงราย,6,แม่จัน,แม่คำ,เฉพาะ,
เชียงราย,6,แม่จัน,แม่ไร่,เฉพาะ,
เชียงราย,6,แม่จัน,ศรีค้ำ,เฉพาะ,
เชียงราย,6,แม่จัน,จอมสวรรค์,เฉพาะ,
เชียงราย,7,แม่จัน,จันจว้า,เฉพาะ,
เชียงราย,7,แม่จัน,จันจว้าใต้,เฉพาะ,
เชียงราย,7,เชียงแสน,,,
เชียงราย,7,ดอยหลวง,,,
เชียงราย,7,เชียงของ,ครึ่ง,เฉพาะ,
เชียงราย,7,เชียงของ,ศรีดอนชัย,เฉพาะ,
เชียงราย,7,เชียงของ,ริมโขง,เฉพาะ,
เชียงราย,7,เชียงของ,เวียง,เฉพาะ,
เชียงราย,7,เชียงของ,สถาน,เฉพาะ,
เชียงราย,7,เชียงของ,ห้วยซ้อ,เฉพาะ,
เชียงราย,7,เวียงแก่น,,,
ปทุมธานี,1,ลาดหลุมแก้ว,,,
ปทุมธานี,1,สามโคก,,,
ปทุมธานี,1,เมืองปทุมธานี,บ้านฉาง,เฉพาะ,
ปทุมธานี,1,เมืองปทุมธานี,บางหลวง,เฉพาะ,
ปทุมธานี,1,เมืองปทุมธานี,บางเดื่อ,เฉพาะ,
ปทุมธานี,2,เมืองปทุมธานี,บ้านฉาง,ยกเว้น,
ปทุมธานี,2,เมืองปทุมธานี,บางหลวง,ยกเว้น,
ปทุมธานี,2,เมืองปทุมธานี,บางเดื่อ,ยกเว้น,
ปทุมธานี,2,เมืองปทุมธานี,สวนพริกไทย,ยกเว้น,
ปทุมธานี,3,คลองหลวง,เทศบาลเมืองท่าโขลง,เฉพาะ,
ปทุมธานี,3,คลองหลวง,คลองสาม,เฉพาะ,
ปทุมธานี,4,ธัญบุรี,ประชาธิปัตย์,เฉพาะ,
ปทุมธานี,4,คลองหลวง,เทศบาลเมืองคลองหลวง,เฉพาะ,
ปทุมธานี,4,เมืองปทุมธานี,สวนพริกไทย,เฉพาะ,
ปทุมธานี,5,คลองหลวง,คลองสี่,เฉพาะ,
ปทุมธานี,5,คลองหลวง,คลองห้า,เฉพาะ,
ปทุมธานี,5,คลองหลวง,คลองหก,เฉพาะ,
ปทุมธานี,5,คลองหลวง,คลองเจ็ด,เฉพาะ,
ปทุมธานี,5,ธัญบุรี,รังสิต,,
ปทุมธานี,5,ธัญบุรี,ลำผักกูด,,
ปทุมธานี,5,หนองเสือ,บึงชำอ้อ,เฉพาะ,
ปทุมธานี,5,หนองเสือ,บึงกาสาม,เฉพาะ,
ปทุมธานี,5,หนองเสือ,นพรัตน์,เฉพาะ,
ปทุมธานี,6,ลำลูกกา,คูคต,เฉพาะ,
ปทุมธานี,6,ลำลูกกา,ลาดสวาย,เฉพาะ,
ปทุมธานี,7,หนองเสือ,บึงบอน,เฉพาะ,
ปทุมธานี,7,หนองเสือ,บึงบา,เฉพาะ,
ปทุมธานี,7,หนองเสือ,หนองสามวัง,เฉพาะ,
ปทุมธานี,7,หนองเสือ,ศาลาครุ,เฉพาะ,
ปทุมธานี,7,ธัญบุรี,บึงสนั่น,เฉพาะ,
ปทุมธานี,7,ธัญบุรี,บึงน้ำรักษ์,เฉพาะ,
ปทุมธานี,7,ลำลูกกา,บึงคำพร้อย,เฉพาะ,
ปทุมธานี,7,ลำลูกกา,ลำลูกกา,เฉพาะ,
ปทุมธานี,7,ลำลูกกา,บึงทองหลาง,เฉพาะ,
ปทุมธานี,7,ลำลูกกา,ลำไทร,เฉพาะ,
ปทุมธานี,7,ลำลูกกา,บึงคอไห,เฉพาะ,
ปทุมธานี,7,ลำลูกกา,พืชอุดม,เฉพาะ,
สกลนคร,1,เมืองสกลนคร,หนองลาด,ยกเว้น,
สกลนคร,1,เมืองสกลนคร,โคกก่อง,ยกเว้น,
สกลนคร,1,เมืองสกลนคร,ม่วงลาย,ยกเว้น,
สกลนคร,1,เมืองสกลนคร,ดงชน,ยกเว้น,
สกลนคร,1,เมืองสกลนคร,โนนหอม,ยกเว้น,
สกลนคร,2,กุสุมาลย์,,,
สกลนคร,2,โพนนาแก้ว,,,
สกลนคร,2,โคกศรีสุพรรณ,,,
สกลนคร,2,เต่างอย,,,
สกลนคร,2,เมืองสกลนคร,โคกก่อง,เฉพาะ,
สกลนคร,2,เมืองสกลนคร,ม่วงลาย,เฉพาะ,
สกลนคร,2,เมืองสกลนคร,ดงชน,เฉพาะ,
สกลนคร,2,เมืองสกลนคร,โนนหอม,เฉพาะ,
สกลนคร,3,อากาศอำนวย,,,
สกลนคร,3,พรรณานิคม,,,
สกลนคร,3,เมืองสกลนคร,หนองลาด,เฉพาะ,
สกลนคร,3,วานรนิวาส,นาซอ,เฉพาะ,
สกลนคร,4,กุดบาก,,,
สกลนคร,4,วาริชภูมิ,,,
สกลนคร,4,ภูพาน,,,
สกลนคร,4,นิคมน้ำอูน,,,
สกลนคร,4,ส่องดาว,ท่าศิลา,ยกเว้น,
สกลนคร,5,สว่างแดนดิน,,,
สกลนคร,5,ส่องดาว,ท่าศิลา,เฉพาะ,
สกลนคร,6,พังโคน,,,
สกลนคร,6,เจริญศิลป์,,,
สกลนคร,6,วานรนิวาส,ธาตุ,เฉพาะ,
สกลนคร,6,วานรนิวาส,เดื่อศรีคันไชย,เฉพาะ,
สกลนคร,6,วานรนิวาส,ศรีวิชัย,เฉพาะ,
สกลนคร,6,วานรนิวาส,คอนสวรรค์,เฉพาะ,
สกลนคร,6,วานรนิวาส,หนองสนม,เฉพาะ,
สกลนคร,6,วานรนิวาส,ขัวก่าย,เฉพาะ,
สกลนคร,7,บ้านม่วง,,,
สกลนคร,7,คำตากล้า,,,
สกลนคร,7,วานรนิวาส,วานรนิวาส,เฉพาะ,
สกลนคร,7,วานรนิวาส,คูสะคาม,เฉพาะ,
สกลนคร,7,วานรนิวาส,หนองแวง,เฉพาะ,
สกลนคร,7,วานรนิวาส,อินทร์แปลง,เฉพาะ,
สกลนคร,7,วานรนิวาส,นาคำ,เฉพาะ,
สกลนคร,7,วานรนิวาส,กุดเรือคำ,เฉพาะ,
สกลนคร,7,วานรนิวาส,หนองแวงใต้,เฉพาะ,
สุราษฎร์ธานี,1,เมืองสุราษฎร์ธาน,วัดประดู่,ยกเว้น,
สุราษฎร์ธานี,1,เมืองสุราษฎร์ธาน,ขุนทะเล,ยกเว้น,
สุราษฎร์ธานี,2,เกาะพะงัน,,,
สุราษฎร์ธานี,2,เกาะสมุย,,,
สุราษฎร์ธานี,2,ดอนสัก,,,
สุราษฎร์ธานี,2,กาญจนดิษฐ์,ท่าทอง,เฉพาะ,
สุราษฎร์ธานี,2,กาญจนดิษฐ์,พลายวาส,เฉพาะ,
สุราษฎร์ธานี,2,กาญจนดิษฐ์,ท่าอุแท,เฉพาะ,
สุราษฎร์ธานี,2,กาญจนดิษฐ์,คลองสระ,เฉพาะ,
สุราษฎร์ธานี,3,เวียงสระ,,,
สุราษฎร์ธานี,3,บ้านนาสาร,ทุ่งเตา,ยกเว้น,
สุราษฎร์ธานี,3,บ้านนาสาร,ทุ่งเตาใหม่,ยกเว้น,
สุราษฎร์ธานี,3,เคียนซา,บ้านเสด็จ,ยกเว้น,
สุราษฎร์ธานี,4,พุนพิน,,,
สุราษฎร์ธานี,4,คีรีรัฐนิคม,,,
สุราษฎร์ธานี,4,บ้านตาขุน,,,
สุราษฎร์ธานี,5,พระแสง,,,
สุราษฎร์ธานี,5,ชัยบุรี,,,
สุราษฎร์ธานี,5,พนม,,,
สุราษฎร์ธานี,5,เคียนซา,บ้านเสด็จ,เฉพาะ,
สุราษฎร์ธานี,6,ท่าชนะ,,,
สุราษฎร์ธานี,6,ไชยา,,,
สุราษฎร์ธานี,6,ท่าฉาง,,,
สุราษฎร์ธานี,6,วิภาวดี,,,
สุราษฎร์ธานี,7,เมืองสุราษฎร์ธาน,ขุนทะเล,เฉพาะ,
สุราษฎร์ธานี,7,เมืองสุราษฎร์ธาน,วัดประดู่,เฉพาะ,
สุราษฎร์ธานี,7,กาญจนดิษฐ์,ท่าทอง,ยกเว้น,
สุราษฎร์ธานี,7,กาญจนดิษฐ์,พลายวาส,ยกเว้น,
สุราษฎร์ธานี,7,กาญจนดิษฐ์,ท่าอุแท,ยกเว้น,
สุราษฎร์ธานี,7,กาญจนดิษฐ์,คลองสระ,ยกเว้น,
สุราษฎร์ธานี,7,บ้านนาสาร,ทุ่งเตา,เฉพาะ,
สุราษฎร์ธานี,7,บ้านนาสาร,ทุ่งเตาใหม่,เฉพาะ,
สุราษฎร์ธานี,7,บ้านนาเดิม,,,
นนทบุรี,1,เมืองนนทบุรี,บางกระสอ,เฉพาะ,
นนทบุรี,1,เมืองนนทบุรี,ท่าทราย,เฉพาะ,
นนทบุรี,1,เมืองนนทบุรี,บางเขน,เฉพาะ,
นนทบุรี,2,เมืองนนทบุรี,บางกร่าง,เฉพาะ,
นนทบุรี,2,เมืองนนทบุรี,บางศรีเมือง,เฉพาะ,
นนทบุรี,2,เมืองนนทบุรี,บางรักน้อย,เฉพาะ,
นนทบุรี,2,เมืองนนทบุรี,สวนใหญ่,เฉพาะ,
นนทบุรี,2,เมืองนนทบุรี,ตลาดขวัญ,เฉพาะ,
นนทบุรี,3,บางกรวย,,,
นนทบุรี,3,เมืองนนทบุรี,บางไผ่,เฉพาะ,
นนทบุรี,4,ปากเกร็ด,บางพูด,เฉพาะ,
นนทบุรี,4,ปากเกร็ด,บ้านใหม่,เฉพาะ,
นนทบุรี,4,ปากเกร็ด,คลองเกลือ,เฉพาะ,
นนทบุรี,4,ปากเกร็ด,บางตลาด,เฉพาะ,
นนทบุรี,5,ปากเกร็ด,บางพูด,ยกเว้น,
นนทบุรี,5,ปากเกร็ด,บ้านใหม่,ยกเว้น,
นนทบุรี,5,ปากเกร็ด,คลองเกลือ,ยกเว้น,
นนทบุรี,5,ปากเกร็ด,บางตลาด,ยกเว้น,
นนทบุรี,5,บางบัวทอง,ลำโพ,เฉพาะ,
นนทบุรี,5,บางบัวทอง,ละหาร,เฉพาะ,
นนทบุรี,5,เมืองนนทบุรี,ไทรม้า,เฉพาะ,
นนทบุรี,6,บางใหญ่,,,
นนทบุรี,7,บางบัวทอง,บางบัวทอง,เฉพาะ,
นนทบุรี,7,บางบัวทอง,พิมลราช,เฉพาะ,
นนทบุรี,7,บางบัวทอง,โสนลอย,เฉพาะ,
นนทบุรี,7,ไทรน้อย,ไทรน้อย,เฉพาะ,
นนทบุรี,7,ไทรน้อย,คลองขวาง,เฉพาะ,
นนทบุรี,8,บางบัวทอง,บางคูรัด,เฉพาะ,
นนทบุรี,8,บางบัวทอง,บางรักพัฒนา,เฉพาะ,
นนทบุรี,8,บางบัวทอง,บางรักใหญ่,เฉพาะ,
นนทบุรี,8,ไทรน้อย,ไทรน้อย,ยกเว้น,
นนทบุรี,8,ไทรน้อย,คลองขวาง,ยกเว้น,
ร้อยเอ็ด,1,เมืองร้อยเอ็ด,,,
ร้อยเอ็ด,2,โพธิ์ชัย,,,
ร้อยเอ็ด,2,จังหาร,,,
ร้อยเอ็ด,2,เชียงขวัญ,,,
ร้อยเอ็ด,2,โพนทอง,อุ่มเม่า,เฉพาะ,
ร้อยเอ็ด,2,โพนทอง,นาอุดม,เฉพาะ,
ร้อยเอ็ด,2,โพนทอง,คำนาดี,เฉพาะ,
ร้อยเอ็ด,2,ธวัชบุรี,หนองพอก,เฉพาะ,
ร้อยเอ็ด,2,ธวัชบุรี,ธวัชบุรี,เฉพาะ,
ร้อยเอ็ด,2,ธวัชบุรี,มะอึ,เฉพาะ,
ร้อยเอ็ด,3,หนองพอก,,,
ร้อยเอ็ด,3,เมยวดี,,,
ร้อยเอ็ด,3,โพนทอง,แวง,เฉพาะ,
ร้อยเอ็ด,3,โพนทอง,โคกกกม่วง,เฉพาะ,
ร้อยเอ็ด,3,โพนทอง,สว่าง,เฉพาะ,
ร้อยเอ็ด,3,โพนทอง,หนองใหญ่,เฉพาะ,
ร้อยเอ็ด,3,โพนทอง,โนนชัยศรี,เฉพาะ,
ร้อยเอ็ด,3,โพนทอง,พรมสวรรค์,เฉพาะ,
ร้อยเอ็ด,3,โพนทอง,สระนกแก้ว,เฉพาะ,
ร้อยเอ็ด,3,โพนทอง,วังสามัคคี,เฉพาะ,
ร้อยเอ็ด,3,โพนทอง,โพธิ์ทอง,เฉพาะ,
ร้อยเอ็ด,4,เสลภูมิ,,,
ร้อยเอ็ด,4,ทุ่งเขาหลวง,ทุ่งเขาหลวง,เฉพาะ,
ร้อยเอ็ด,4,ทุ่งเขาหลวง,บึงงาม,เฉพาะ,
ร้อยเอ็ด,4,ทุ่งเขาหลวง,มะบ้า,เฉพาะ,
ร้อยเอ็ด,4,ธวัชบุรี,บึงนคร,เฉพาะ,
ร้อยเอ็ด,4,ธวัชบุรี,ธงธานี,เฉพาะ,
ร้อยเอ็ด,4,ธวัชบุรี,ไพศาล,เฉพาะ,
ร้อยเอ็ด,4,โพนทอง,โคกสูง,เฉพาะ,
ร้อยเอ็ด,4,โพนทอง,โพธิ์ศรีสว่าง,เฉพาะ,
ร้อยเอ็ด,5,พนมไพร,,,
ร้อยเอ็ด,5,อาจสามารถ,โพนเมือง,เฉพาะ,
ร้อยเอ็ด,5,อาจสามารถ,บ้านแจ้ง,เฉพาะ,
ร้อยเอ็ด,5,อาจสามารถ,อาจสามารถ,เฉพาะ,
ร้อยเอ็ด,5,อาจสามารถ,หน่อม,เฉพาะ,
ร้อยเอ็ด,5,อาจสามารถ,หนองหมื่นถ่าน,เฉพาะ,
ร้อยเอ็ด,5,อาจสามารถ,หนองขาม,เฉพาะ,
ร้อยเอ็ด,5,ธวัชบุรี,นิเวศน์,เฉพาะ,
ร้อยเอ็ด,5,ธวัชบุรี,หนองไผ่,เฉพาะ,
ร้อยเอ็ด,5,ธวัชบุรี,อุ่มเม้า,เฉพาะ,
ร้อยเอ็ด,5,ทุ่งเขาหลวง,ทุ่งเขาหลวง,ยกเว้น,
ร้อยเอ็ด,5,ทุ่งเขาหลวง,บึงงาม,ยกเว้น,
ร้อยเอ็ด,5,ทุ่งเขาหลวง,มะบ้า,ยกเว้น,
ร้อยเอ็ด,5,หนองฮี,หนองฮี,เฉพาะ,
ร้อยเอ็ด,6,สุวรรณภูมิ,,,
ร้อยเอ็ด,6,โพนทราย,,,
ร้อยเอ็ด,6,หนองฮี,หนองฮี,ยกเว้น,
ร้อยเอ็ด,7,เกษตรวิสัย,,,
ร้อยเอ็ด,7,ปทุมรัตต์,,,
ร้อยเอ็ด,7,เมืองสรวง,คูเมือง,เฉพาะ,
ร้อยเอ็ด,7,เมืองสรวง,กกกุง,เฉพาะ,
ร้อยเอ็ด,7,เมืองสรวง,หนองหิน,เฉพาะ,
ร้อยเอ็ด,8,จตุรพักตรพิมาน,,,
ร้อยเอ็ด,8,ศรีสมเด็จ,,,
ร้อยเอ็ด,8,เมืองสรวง,คูเมือง,ยกเว้น,
ร้อยเอ็ด,8,เมืองสรวง,กกกุง,ยกเว้น,
ร้อยเอ็ด,8,เมืองสรวง,หนองหิน,ยกเว้น,
ร้อยเอ็ด,8,อาจสามารถ,โพนเมือง,ยกเว้น,
ร้อยเอ็ด,8,อาจสามารถ,บ้านแจ้ง,ยกเว้น,
ร้อยเอ็ด,8,อาจสามารถ,อาจสามารถ,ยกเว้น,
ร้อยเอ็ด,8,อาจสามารถ,หน่อม,ยกเว้น,
ร้อยเอ็ด,8,อาจสามารถ,หนองหมื่นถ่าน,ยกเว้น,
ร้อยเอ็ด,8,อาจสามารถ,หนองขาม,ยกเว้น,
ร้อยเอ็ด,8,ธวัชบุรี,ราชธานี,เฉพาะ,
ร้อยเอ็ด,8,ธวัชบุรี,เขวาทุ่ง,เฉพาะ,
ร้อยเอ็ด,8,ธวัชบุรี,เมืองน้อย,เฉพาะ,
สมุทรปราการ,1,เมืองสมุทรปราการ,บางโปรง,เฉพาะ,
สมุทรปราการ,1,เมืองสมุทรปราการ,บางด้วน,เฉพาะ,
สมุทรปราการ,1,เมืองสมุทรปราการ,บางเมือง,เฉพาะ,
สมุทรปราการ,1,เมืองสมุทรปราการ,ท้ายบ้าน,เฉพาะ,
สมุทรปราการ,1,เมืองสมุทรปราการ,ปากน้ำ,เฉพาะ,
สมุทรปราการ,2,เมืองสมุทรปราการ,บางปู,เฉพาะ,
สมุทรปราการ,2,เมืองสมุทรปราการ,บางปูใหม่,เฉพาะ,
สมุทรปราการ,2,เมืองสมุทรปราการ,แพรกษา,เฉพาะ,
สมุทรปราการ,2,เมืองสมุทรปราการ,ท้ายบ้านใหม่,เฉพาะ,
สมุทรปราการ,3,เมืองสมุทรปราการ,เทพารักษ์,เฉพาะ,
สมุทรปราการ,3,เมืองสมุทรปราการ,สำโรงเหนือ,เฉพาะ,
สมุทรปราการ,3,เมืองสมุทรปราการ,บางเมืองใหม่,เฉพาะ,
สมุทรปราการ,4,บางพลี,บางพลีใหญ่,เฉพาะ,
สมุทรปราการ,4,บางพลี,บางแก้ว,เฉพาะ,
สมุทรปราการ,5,บางพลี,บางปลา,เฉพาะ,
สมุทรปราการ,5,บางพลี,บางโฉลง,เฉพาะ,
สมุทรปราการ,5,บางพลี,ราชาเทวะ,เฉพาะ,
สมุทรปราการ,5,บางพลี,หนองปรือ,เฉพาะ,
สมุทรปราการ,5,เมืองสมุทรปราการ,แพรกษาใหม่,เฉพาะ,
สมุทรปราการ,5,บางเสาธง,ศีรษะจรเข้น้อย,เฉพาะ,
สมุทรปราการ,6,พระประแดง,บางจาก,ยกเว้น,
สมุทรปราการ,7,พระสมุทรเจดีย์,,,
สมุทรปราการ,7,พระประแดง,บางจาก,เฉพาะ,
สมุทรปราการ,8,บางบ่อ,,,
สมุทรปราการ,8,บางเสาธง,บางเสาธง,เฉพาะ,
สมุทรปราการ,8,บางเสาธง,ศีรษะจรเข้ใหญ่,เฉพาะ,
สุรินทร์,1,เมืองสุรินทร์,เทศบาลเมืองสุรินทร์,เฉพาะ,
สุรินทร์,1,เมืองสุรินทร์,นอกเมือง,เฉพาะ,
สุรินทร์,1,เมืองสุรินทร์,คอโค,เฉพาะ,
สุรินทร์,1,เมืองสุรินทร์,ตระแสง,เฉพาะ,
สุรินทร์,1,เมืองสุรินทร์,สวาย,เฉพาะ,
สุรินทร์,1,เมืองสุรินทร์,นาบัว,เฉพาะ,
สุรินทร์,1,เมืองสุรินทร์,เฉนียง,เฉพาะ,
สุรินทร์,1,เมืองสุรินทร์,เทนมีย์,เฉพาะ,
สุรินทร์,1,เมืองสุรินทร์,ตาอ็อง,เฉพาะ,
สุรินทร์,1,เมืองสุรินทร์,สำโรง,เฉพาะ,
สุรินทร์,1,ศีขรภูมิ,หนองเหล็ก,เฉพาะ,
สุรินทร์,1,ศีขรภูมิ,ตรมไพร,เฉพาะ,
สุรินทร์,2,เมืองสุรินทร์,เทศบาลตำบลเหมือง,เฉพาะ,
สุรินทร์,2,เมืองสุรินทร์,เมืองที,เฉพาะ,
สุรินทร์,2,เมืองสุรินทร์,บุฤาษี,เฉพาะ,
สุรินทร์,2,เมืองสุรินทร์,แสลงพันธ์,เฉพาะ,
สุรินทร์,2,เมืองสุรินทร์,แกใหญ่,เฉพาะ,
สุรินทร์,2,เมืองสุรินทร์,ท่าสว่าง,เฉพาะ,
สุรินทร์,2,เมืองสุรินทร์,นาดี,เฉพาะ,
สุรินทร์,2,เมืองสุรินทร์,เพี้ยราม,เฉพาะ,
สุรินทร์,2,เมืองสุรินทร์,ตั้งใจ,เฉพาะ,
สุรินทร์,2,เมืองสุรินทร์,กาเกาะ,เฉพาะ,
สุรินทร์,2,เมืองสุรินทร์,สลักได,เฉพาะ,
สุรินทร์,2,เมืองสุรินทร์,ราม,เฉพาะ,
สุรินทร์,2,เขวาสินรินทร์,,,
สุรินทร์,2,ศีขรภูมิ,แตล,เฉพาะ,
สุรินทร์,2,ศีขรภูมิ,ช่างปี่,เฉพาะ,
สุรินทร์,2,ศีขรภูมิ,จารพัต,เฉพาะ,
สุรินทร์,3,จอมพระ,,,
สุรินทร์,3,ท่าตูม,พรมเทพ,ยกเว้น,
สุรินทร์,3,ท่าตูม,ทุ่งกุลา,ยกเว้น,
สุรินทร์,3,ท่าตูม,โพนครก,ยกเว้น,
สุรินทร์,3,สนม,หัวงัว,ยกเว้น,
สุรินทร์,4,ชุมพลบุรี,,,
สุรินทร์,4,ท่าตูม,พรมเทพ,เฉพาะ,
สุรินทร์,4,ท่าตูม,ทุ่งกุลา,เฉพาะ,
สุรินทร์,4,ท่าตูม,โพนครก,เฉพาะ,
สุรินทร์,4,รัตนบุรี,ยางสว่าง,ยกเว้น,
สุรินทร์,4,รัตนบุรี,เบิด,ยกเว้น,
สุรินทร์,5,รัตนบุรี,ยางสว่าง,เฉพาะ,
สุรินทร์,5,รัตนบุรี,เบิด,เฉพาะ,
สุรินทร์,5,โนนนารายณ์,,,
สุรินทร์,5,สำโรงทาบ,,,
สุรินทร์,5,สนม,หัวงัว,เฉพาะ,
สุรินทร์,5,ศีขรภูมิ,เทศบาลตำบลศีขรภูมิ,เฉพาะ,
สุรินทร์,5,ศีขรภูมิ,ระแงง,เฉพาะ,
สุรินทร์,5,ศีขรภูมิ,หนองขวาว,เฉพาะ,
สุรินทร์,5,ศีขรภูมิ,ขวาวใหญ่,เฉพาะ,
สุรินทร์,5,ศีขรภูมิ,หนองบัว,เฉพาะ,
สุรินทร์,5,ศีขรภูมิ,คาละแมะ,เฉพาะ,
สุรินทร์,5,ศีขรภูมิ,นารุ่ง,เฉพาะ,
สุรินทร์,5,ศีขรภูมิ,ตรึม,เฉพาะ,
สุรินทร์,5,ศีขรภูมิ,ยาง,เฉพาะ,
สุรินทร์,6,ศีขรภูมิ,เทศบาลตำบลผักไหม,เฉพาะ,
สุรินทร์,6,ศีขรภูมิ,กุดหวาย,เฉพาะ,
สุรินทร์,6,ศรีณรงค์,,,
สุรินทร์,6,สังขะ,ตาตุม,ยกเว้น,
สุรินทร์,6,สังขะ,เทพรักษา,ยกเว้น,
สุรินทร์,7,ปราสาท,โชคนาสาม,ยกเว้น,
สุรินทร์,7,ลำดวน,,,
สุรินทร์,8,ปราสาท,โชคนาสาม,เฉพาะ,
สุรินทร์,8,พนมดงรัก,,,
สุรินทร์,8,กาบเชิง,,,
สุรินทร์,8,สังขะ,ตาตุม,เฉพาะ,
สุรินทร์,8,สังขะ,เทพรักษา,เฉพาะ,
สุรินทร์,8,บัวเชด,,,
ศรีสะเกษ,1,เมืองศรีสะเกษ,,,
ศรีสะเกษ,1,วังหิน,ทุ่งสว่าง,เฉพาะ,
ศรีสะเกษ,1,วังหิน,ธาตุ,เฉพาะ,
ศรีสะเกษ,1,วังหิน,บ่อแก้ว,เฉพาะ,
ศรีสะเกษ,1,วังหิน,บุสูง,เฉพาะ,
ศรีสะเกษ,2,กันทรารมย์,,,
ศรีสะเกษ,2,น้ำเกลี้ยง,,,
ศรีสะเกษ,2,โนนคูณ,บก,เฉพาะ,
ศรีสะเกษ,2,โนนคูณ,โพธิ์,เฉพาะ,
ศรีสะเกษ,3,ศรีรัตนะ,,,
ศรีสะเกษ,3,เบญจลักษ์,,,
ศรีสะเกษ,3,โนนคูณ,บก,ยกเว้น,
ศรีสะเกษ,3,โนนคูณ,โพธิ์,ยกเว้น,
ศรีสะเกษ,3,กันทรลักษ์,ภูเงิน,เฉพาะ,
ศรีสะเกษ,3,กันทรลักษ์,กระแชง,เฉพาะ,
ศรีสะเกษ,3,กันทรลักษ์,ตระกาจ,เฉพาะ,
ศรีสะเกษ,3,กันทรลักษ์,จานใหญ่,เฉพาะ,
ศรีสะเกษ,4,กันทรลักษ์,ภูเงิน,ยกเว้น,
ศรีสะเกษ,4,กันทรลักษ์,กระแชง,ยกเว้น,
ศรีสะเกษ,4,กันทรลักษ์,ตระกาจ,ยกเว้น,
ศรีสะเกษ,4,กันทรลักษ์,จานใหญ่,ยกเว้น,
ศรีสะเกษ,5,ขุนหาญ,,,
ศรีสะเกษ,5,ภูสิงห์,,,
ศรีสะเกษ,6,ขุขันธ์,,,
ศรีสะเกษ,6,ไพรบึง,สำโรงพลัน,เฉพาะ,
ศรีสะเกษ,7,ปรางค์กู่,,,
ศรีสะเกษ,7,พยุห์,,,
ศรีสะเกษ,7,ไพรบึง,สำโรงพลัน,ยกเว้น,
ศรีสะเกษ,7,วังหิน,ทุ่งสว่าง,ยกเว้น,
ศรีสะเกษ,7,วังหิน,ธาตุ,ยกเว้น,
ศรีสะเกษ,7,วังหิน,บ่อแก้ว,ยกเว้น,
ศรีสะเกษ,7,วังหิน,บุสูง,ยกเว้น,
ศรีสะเกษ,8,อุทุมพรพิสัย,,,
ศรีสะเกษ,8,ห้วยทับทัน,,,
ศรีสะเกษ,8,เมืองจันทร์,,,
ศรีสะเกษ,9,ราษีไศล,,,
ศรีสะเกษ,9,ยางชุมน้อย,,,
ศรีสะเกษ,9,โพธิ์ศรีสุวรรณ,,,
ศรีสะเกษ,9,ศิลาลาด,,,
ศรีสะเกษ,9,บึงบูรพ์,,,
สงขลา,1,เมืองสงขลา,,,
สงขลา,2,หาดใหญ่,หาดใหญ่,เฉพาะ,
สงขลา,2,หาดใหญ่,คลองอู่ตะเภา,เฉพาะ,
สงขลา,3,นาหม่อม,,,
สงขลา,3,หาดใหญ่,บ้านพรุ,เฉพาะ,
สงขลา,3,หาดใหญ่,คอหงส์,เฉพาะ,
สงขลา,3,หาดใหญ่,พะตง,เฉพาะ,
สงขลา,3,หาดใหญ่,ทุ่งใหญ่,เฉพาะ,
สงขลา,3,หาดใหญ่,ท่าข้าม,เฉพาะ,
สงขลา,3,หาดใหญ่,น้ำน้อย,เฉพาะ,
สงขลา,3,จะนะ,คลองเปียะ,เฉพาะ,
สงขลา,3,จะนะ,จะโหนง,เฉพาะ,
สงขลา,4,ระโนด,,,
สงขลา,4,กระแสสินธุ์,,,
สงขลา,4,สทิงพระ,,,
สงขลา,4,สิงหนคร,ม่วงงาม,เฉพาะ,
สงขลา,4,สิงหนคร,บางเขียด,เฉพาะ,
สงขลา,4,สิงหนคร,ชะแล้,เฉพาะ,
สงขลา,4,สิงหนคร,รำแดง,เฉพาะ,
สงขลา,4,สิงหนคร,วัดขนุน,เฉพาะ,
สงขลา,5,รัตภูมิ,,,
สงขลา,5,ควนเนียง,,,
สงขลา,5,สิงหนคร,ปากรอ,เฉพาะ,
สงขลา,5,สิงหนคร,ป่าขาด,เฉพาะ,
สงขลา,5,สิงหนคร,ทำนบ,เฉพาะ,
สงขลา,5,สิงหนคร,ชิงโค,เฉพาะ,
สงขลา,5,สิงหนคร,หัวเขา,เฉพาะ,
สงขลา,5,สิงหนคร,สทิงหม้อ,เฉพาะ,
สงขลา,6,สะเดา,,,
สงขลา,6,คลองหอยโข่ง,,,
สงขลา,7,นาทวี,,,
สงขลา,7,สะบ้าย้อย,,,
สงขลา,7,เทพา,ลำไพล,เฉพาะ,
สงขลา,8,จะนะ,บ้านนา,เฉพาะ,
สงขลา,8,จะนะ,ป่าชิง,เฉพาะ,
สงขลา,8,จะนะ,สะพานไม้แก่น,เฉพาะ,
สงขลา,8,จะนะ,สะกอม,เฉพาะ,
สงขลา,8,จะนะ,นาหว้า,เฉพาะ,
สงขลา,8,จะนะ,น้ำขาว,เฉพาะ,
สงขลา,8,จะนะ,ขุนตัดหวาย,เฉพาะ,
สงขลา,8,จะนะ,ท่าหมอไทร,เฉพาะ,
สงขลา,8,จะนะ,คู,เฉพาะ,
สงขลา,8,จะนะ,แค,เฉพาะ,
สงขลา,8,จะนะ,ตลิ่งชัน,เฉพาะ,
สงขลา,8,เทพา,เทพา,เฉพาะ,
สงขลา,8,เทพา,ปากบาง,เฉพาะ,
สงขลา,8,เทพา,เกาะสะบ้า,เฉพาะ,
สงขลา,8,เทพา,ท่าม่วง,เฉพาะ,
สงขลา,8,เทพา,วังใหญ่,เฉพาะ,
สงขลา,8,เทพา,สะกอม,เฉพาะ,
สงขลา,9,บางกล่ำ,,,
สงขลา,9,หาดใหญ่,คลองแห,เฉพาะ,
สงขลา,9,หาดใหญ่,ควนลัง,เฉพาะ,
สงขลา,9,หาดใหญ่,ฉลุง,เฉพาะ,
สงขลา,9,หาดใหญ่,ทุ่งตำเสา,เฉพาะ,
สงขลา,9,หาดใหญ่,คูเต่า,เฉพาะ,
ชลบุรี,1,เมืองชลบุรี,แสนสุข,เฉพาะ,
ชลบุรี,1,เมืองชลบุรี,เหมือง,เฉพาะ,
ชลบุรี,1,เมืองชลบุรี,ห้วยกะปิ,เฉพาะ,
ชลบุรี,1,เมืองชลบุรี,บ้านปึก,เฉพาะ,
ชลบุรี,1,เมืองชลบุรี,เสม็ด,เฉพาะ,
ชลบุรี,1,เมืองชลบุรี,อ่างศิลา,เฉพาะ,
ชลบุรี,1,เมืองชลบุรี,หนองข้างคอก,เฉพาะ,
ชลบุรี,1,เมืองชลบุรี,หนองรี,เฉพาะ,
ชลบุรี,2,เมืองชลบุรี,บางทราย,เฉพาะ,
ชลบุรี,2,เมืองชลบุรี,บ้านโขด,เฉพาะ,
ชลบุรี,2,เมืองชลบุรี,มะขามหย่ง,เฉพาะ,
ชลบุรี,2,เมืองชลบุรี,บางปลาสร้อย,เฉพาะ,
ชลบุรี,2,เมืองชลบุรี,บ้านสวน,เฉพาะ,
ชลบุรี,2,เมืองชลบุรี,นาป่า,เฉพาะ,
ชลบุรี,3,เมืองชลบุรี,คลองตำหรุ,เฉพาะ,
ชลบุรี,3,เมืองชลบุรี,หนองไม้แดง,เฉพาะ,
ชลบุรี,3,เมืองชลบุรี,ดอนหัวฬ่อ,เฉพาะ,
ชลบุรี,3,เมืองชลบุรี,สำนักบก,เฉพาะ,
ชลบุรี,3,พานทอง,,,
ชลบุรี,3,บ้านบึง,หนองซ้ำซาก,เฉพาะ,
ชลบุรี,3,บ้านบึง,มาบไผ่,เฉพาะ,
ชลบุรี,3,บ้านบึง,หนองบอนแดง,เฉพาะ,
ชลบุรี,3,บ้านบึง,หนองชาก,เฉพาะ,
ชลบุรี,4,บ้านบึง,หนองซ้ำซาก,ยกเว้น,
ชลบุรี,4,บ้านบึง,มาบไผ่,ยกเว้น,
ชลบุรี,4,บ้านบึง,หนองบอนแดง,ยกเว้น,
ชลบุรี,4,บ้านบึง,หนองชาก,ยกเว้น,
ชลบุรี,4,บ่อทอง,,,
ชลบุรี,4,หนองใหญ่,,,
ชลบุรี,5,พนัสนิคม,,,
ชลบุรี,5,เกาะจันทร์,,,
ชลบุรี,6,ศรีราชา,บางพระ,เฉพาะ,
ชลบุรี,6,ศรีราชา,ศรีราชา,เฉพาะ,
ชลบุรี,6,ศรีราชา,สุรศักดิ์,เฉพาะ,
ชลบุรี,6,ศรีราชา,ทุ่งสุขลา,เฉพาะ,
ชลบุรี,6,เกาะสีชัง,,,
ชลบุรี,7,ศรีราชา,บางพระ,ยกเว้น,
ชลบุรี,7,ศรีราชา,ศรีราชา,ยกเว้น,
ชลบุรี,7,ศรีราชา,สุรศักดิ์,ยกเว้น,
ชลบุรี,7,ศรีราชา,ทุ่งสุขลา,ยกเว้น,
ชลบุรี,8,บางละมุง,บางละมุง,เฉพาะ,
ชลบุรี,8,บางละมุง,นาเกลือ,เฉพาะ,
ชลบุรี,8,บางละมุง,หนองปลาไหล,เฉพาะ,
ชลบุรี,8,บางละมุง,ตะเคียนเตี้ย,เฉพาะ,
ชลบุรี,8,บางละมุง,เขาไม้แก้ว,เฉพาะ,
ชลบุรี,8,บางละมุง,โป่ง,เฉพาะ,
ชลบุรี,8,บางละมุง,ห้วยใหญ่,เฉพาะ,
ชลบุรี,9,บางละมุง,บางละมุง,ยกเว้น,
ชลบุรี,9,บางละมุง,นาเกลือ,ยกเว้น,
ชลบุรี,9,บางละมุง,หนองปลาไหล,ยกเว้น,
ชลบุรี,9,บางละมุง,ตะเคียนเตี้ย,ยกเว้น,
ชลบุรี,9,บางละมุง,เขาไม้แก้ว,ยกเว้น,
ชลบุรี,9,บางละมุง,โป่ง,ยกเว้น,
ชลบุรี,9,บางละมุง,ห้วยใหญ่,ยกเว้น,
ชลบุรี,10,สัตหีบ,,,
เชียงใหม่,1,เมืองเชียงใหม่,ช้างเผือก,เฉพาะ,
เชียงใหม่,1,เมืองเชียงใหม่,สันผีเสื้อ,เฉพาะ,
เชียงใหม่,1,เมืองเชียงใหม่,ป่าตัน,เฉพาะ,
เชียงใหม่,1,เมืองเชียงใหม่,ป่าแดด,เฉพาะ,
เชียงใหม่,1,เมืองเชียงใหม่,สุเทพ,เฉพาะ,
เชียงใหม่,1,เมืองเชียงใหม่,ช้างคลาน,เฉพาะ,
เชียงใหม่,1,เมืองเชียงใหม่,ช้างม่อย,เฉพาะ,
เชียงใหม่,1,เมืองเชียงใหม่,หายยา,เฉพาะ,
เชียงใหม่,1,เมืองเชียงใหม่,พระสิงห์,เฉพาะ,
เชียงใหม่,1,เมืองเชียงใหม่,ศรีภูมิ,เฉพาะ,
เชียงใหม่,1,เมืองเชียงใหม่,แม่เหียะ,เฉพาะ,
เชียงใหม่,1,เมืองเชียงใหม่,ฟ้าฮ่าม,เฉพาะ,
เชียงใหม่,2,สารภี,,,
เชียงใหม่,2,เมืองเชียงใหม่,หนองหอย,เฉพาะ,
เชียงใหม่,2,เมืองเชียงใหม่,ท่าศาลา,เฉพาะ,
เชียงใหม่,2,เมืองเชียงใหม่,หนองป่าครั่ง,เฉพาะ,
เชียงใหม่,2,เมืองเชียงใหม่,วัดเกต,เฉพาะ,
เชียงใหม่,2,สันกำแพง,บวกค้าง,เฉพาะ,
เชียงใหม่,2,สันกำแพง,สันกลาง,เฉพาะ,
เชียงใหม่,2,สันกำแพง,แช่ช้าง,เฉพาะ,
เชียงใหม่,3,ดอยสะเก็ด,,,
เชียงใหม่,3,แม่ออน,,,
เชียงใหม่,3,สันกำแพง,สันกำแพง,เฉพาะ,
เชียงใหม่,3,สันกำแพง,ร้องวัวแดง,เฉพาะ,
เชียงใหม่,3,สันกำแพง,ออนใต้,เฉพาะ,
เชียงใหม่,3,สันกำแพง,แม่ปูคา,เฉพาะ,
เชียงใหม่,3,สันกำแพง,ห้วยทราย,เฉพาะ,
เชียงใหม่,3,สันกำแพง,ทรายมูล,เฉพาะ,
เชียงใหม่,3,สันกำแพง,ต้นเปา,เฉพาะ,
เชียงใหม่,4,สันทราย,,,
เชียงใหม่,4,แม่ริม,ดอนแก้ว,เฉพาะ,
เชียงใหม่,4,แม่ริม,เหมืองแก้ว,เฉพาะ,
เชียงใหม่,4,แม่ริม,แม่สา,เฉพาะ,
เชียงใหม่,5,แม่แตง,,,
เชียงใหม่,5,สะเมิง,,,
เชียงใหม่,5,กัลยาณิวัฒนา,,,
เชียงใหม่,5,แม่ริม,ริมเหนือ,เฉพาะ,
เชียงใหม่,5,แม่ริม,สันโป่ง,เฉพาะ,
เชียงใหม่,5,แม่ริม,ขี้เหล็ก,เฉพาะ,
เชียงใหม่,5,แม่ริม,สะลวง,เฉพาะ,
เชียงใหม่,5,แม่ริม,ห้วยทราย,เฉพาะ,
เชียงใหม่,5,แม่ริม,แม่แรม,เฉพาะ,
เชียงใหม่,5,แม่ริม,โป่งแยง,เฉพาะ,
เชียงใหม่,5,แม่ริม,ริมใต้,เฉพาะ,
เชียงใหม่,6,เชียงดาว,,,
เชียงใหม่,6,เวียงแหง,,,
เชียงใหม่,6,พร้าว,,,
เชียงใหม่,6,ไชยปราการ,หนองบัว,เฉพาะ,
เชียงใหม่,6,ไชยปราการ,ศรีดงเย็น,เฉพาะ,
เชียงใหม่,7,ฝาง,,,
เชียงใหม่,7,แม่อาย,,,
เชียงใหม่,7,ไชยปราการ,แม่ทะลบ,เฉพาะ,
เชียงใหม่,7,ไชยปราการ,ปงตำ,เฉพาะ,
เชียงใหม่,8,หางดง,,,
เชียงใหม่,8,สันป่าตอง,,,
เชียงใหม่,9,แม่วาง,,,
เชียงใหม่,9,ดอยหล่อ,,,
เชียงใหม่,9,จอมทอง,,,
เชียงใหม่,9,แม่แจ่ม,แม่ศึก,เฉพาะ,
เชียงใหม่,9,แม่แจ่ม,แม่นาจร,เฉพาะ,
เชียงใหม่,9,แม่แจ่ม,ช่างเคิ่ง,เฉพาะ,
เชียงใหม่,10,อมก๋อย,,,
เชียงใหม่,10,ดอยเต่า,,,
เชียงใหม่,10,ฮอด,,,
เชียงใหม่,10,แม่แจ่ม,บ้านทับ,เฉพาะ,
เชียงใหม่,10,แม่แจ่ม,ปางหินฝน,เฉพาะ,
เชียงใหม่,10,แม่แจ่ม,กองแขก,เฉพาะ,
เชียงใหม่,10,แม่แจ่ม,ท่าผา,เฉพาะ,
นครศรีธรรมราช,1,นครศรีธรรมราช,เทศบาลนครนครศรีธรรมราช,เฉพาะ,
นครศรีธรรมราช,1,นครศรีธรรมราช,ปากนคร,เฉพาะ,
นครศรีธรรมราช,1,นครศรีธรรมราช,ท่าไร่,เฉพาะ,
นครศรีธรรมราช,1,นครศรีธรรมราช,ท่าเรือ,เฉพาะ,
นครศรีธรรมราช,1,นครศรีธรรมราช,บางจาก,เฉพาะ,
นครศรีธรรมราช,1,นครศรีธรรมราช,เทศบาลตำบลบางจัก,เฉพาะ,
นครศรีธรรมราช,1,นครศรีธรรมราช,เทศบาลตำบลปากปวน,เฉพาะ,
นครศรีธรรมราช,2,นครศรีธรรมราช,ท่างิ้ว,เฉพาะ,
นครศรีธรรมราช,2,นครศรีธรรมราช,กำแพงเซา,เฉพาะ,
นครศรีธรรมราช,2,นครศรีธรรมราช,โพธิ์เสด็จ,เฉพาะ,
นครศรีธรรมราช,2,นครศรีธรรมราช,นาเคียน,เฉพาะ,
นครศรีธรรมราช,2,นครศรีธรรมราช,นาทราย,เฉพาะ,
นครศรีธรรมราช,2,นครศรีธรรมราช,มะม่วงสองต้น,เฉพาะ,
นครศรีธรรมราช,2,นครศรีธรรมราช,ไชยมนตรี,เฉพาะ,
นครศรีธรรมราช,2,นครศรีธรรมราช,ปากพูน,เฉพาะ,
นครศรีธรรมราช,2,นครศรีธรรมราช,ท่าซัก,เฉพาะ,
นครศรีธรรมราช,2,นครศรีธรรมราช,เทศบาลตำบลท่าแค,เฉพาะ,
นครศรีธรรมราช,2,พระพรหม,,,
นครศรีธรรมราช,3,ปากพนัง,,,
นครศรีธรรมราช,3,หัวไทร,,,
นครศรีธรรมราช,4,ชะอวด,,,
นครศรีธรรมราช,4,เชียรใหญ่,,,
นครศรีธรรมราช,4,เฉลิมพระเกียรติ,,,
นครศรีธรรมราช,5,ร่อนพิบูลย์,,,
นครศรีธรรมราช,5,จุฬาภรณ์,,,
นครศรีธรรมราช,5,ลานสกา,,,
นครศรีธรรมราช,6,ทุ่งสง,เขาขาว,ยกเว้น,
นครศรีธรรมราช,7,ถ้ำพรรณรา,,,
นครศรีธรรมราช,7,ทุ่งใหญ่,,,
นครศรีธรรมราช,7,บางขัน,,,
นครศรีธรรมราช,7,ทุ่งสง,เขาขาว,เฉพาะ,
นครศรีธรรมราช,8,พิปูน,,,
นครศรีธรรมราช,8,ฉวาง,,,
นครศรีธรรมราช,8,ช้างกลาง,,,
นครศรีธรรมราช,8,นาบอน,,,
นครศรีธรรมราช,9,พรหมคีรี,,,
นครศรีธรรมราช,9,นบพิตำ,,,
นครศรีธรรมราช,9,ท่าศาลา,ท่าศาลา,เฉพาะ,
นครศรีธรรมราช,9,ท่าศาลา,ไทยบุรี,เฉพาะ,
นครศรีธรรมราช,9,ท่าศาลา,หัวตะพาน,เฉพาะ,
นครศรีธรรมราช,9,ท่าศาลา,โพธิ์ทอง,เฉพาะ,
นครศรีธรรมราช,9,ท่าศาลา,โมคลาน,เฉพาะ,
นครศรีธรรมราช,9,ท่าศาลา,ดอนตะโก,เฉพาะ,
นครศรีธรรมราช,9,ท่าศาลา,เทศบาลตำบลท่าศาลา,เฉพาะ,
นครศรีธรรมราช,10,ขนอม,,,
นครศรีธรรมราช,10,สิชล,,,
นครศรีธรรมราช,10,ท่าศาลา,กลาย,เฉพาะ,
นครศรีธรรมราช,10,ท่าศาลา,ตลิ่งชัน,เฉพาะ,
นครศรีธรรมราช,10,ท่าศาลา,สระแก้ว,เฉพาะ,
นครศรีธรรมราช,10,ท่าศาลา,ท่าขึ้น,เฉพาะ,
บุรีรัมย์,1,เมืองบุรีรัมย์,ในเมือง,เฉพาะ,
บุรีรัมย์,1,เมืองบุรีรัมย์,บ้านบัว,เฉพาะ,
บุรีรัมย์,1,เมืองบุรีรัมย์,พระครู,เฉพาะ,
บุรีรัมย์,1,เมืองบุรีรัมย์,ถลุงเหล็ก,เฉพาะ,
บุรีรัมย์,1,เมืองบุรีรัมย์,หนองตาด,เฉพาะ,
บุรีรัมย์,1,เมืองบุรีรัมย์,บ้านยาง,เฉพาะ,
บุรีรัมย์,1,เมืองบุรีรัมย์,บัวทอง,เฉพาะ,
บุรีรัมย์,1,เมืองบุรีรัมย์,ชุมเห็ด,เฉพาะ,
บุรีรัมย์,1,เมืองบุรีรัมย์,กลันทา,เฉพาะ,
บุรีรัมย์,1,เมืองบุรีรัมย์,กระสัง,เฉพาะ,
บุรีรัมย์,1,เมืองบุรีรัมย์,สะแกโพรง,เฉพาะ,
บุรีรัมย์,1,เมืองบุรีรัมย์,ลุมปุ๊ก,เฉพาะ,
บุรีรัมย์,1,บ้านด่าน,ปราสาท,เฉพาะ,
บุรีรัมย์,1,บ้านด่าน,บ้านด่าน,เฉพาะ,
บุรีรัมย์,2,เมืองบุรีรัมย์,หลักเขต,เฉพาะ,
บุรีรัมย์,2,เมืองบุรีรัมย์,สวายจีก,เฉพาะ,
บุรีรัมย์,2,เมืองบุรีรัมย์,เสม็ด,เฉพาะ,
บุรีรัมย์,2,เมืองบุรีรัมย์,สองห้อง,เฉพาะ,
บุรีรัมย์,2,เมืองบุรีรัมย์,สะแกซำ,เฉพาะ,
บุรีรัมย์,2,เมืองบุรีรัมย์,เมืองฝาง,เฉพาะ,
บุรีรัมย์,2,เมืองบุรีรัมย์,อิสาณ,เฉพาะ,
บุรีรัมย์,2,พลับพลาชัย,สำโรง,เฉพาะ,
บุรีรัมย์,2,พลับพลาชัย,สะเดา,เฉพาะ,
บุรีรัมย์,2,พลับพลาชัย,จันดุม,เฉพาะ,
บุรีรัมย์,2,ชำนิ,,,
บุรีรัมย์,2,ประโคนชัย,ไพศาล,เฉพาะ,
บุรีรัมย์,3,กระสัง,,,
บุรีรัมย์,3,ห้วยราช,,,
บุรีรัมย์,3,พลับพลาชัย,โคกขมิ้น,เฉพาะ,
บุรีรัมย์,3,พลับพลาชัย,ป่าชัน,เฉพาะ,
บุรีรัมย์,4,สตึก,,,
บุรีรัมย์,4,แคนดง,,,
บุรีรัมย์,4,บ้านด่าน,โนนขวาง,เฉพาะ,
บุรีรัมย์,4,บ้านด่าน,วังเหนือ,เฉพาะ,
บุรีรัมย์,5,นาโพธิ์,,,
บุรีรัมย์,5,บ้านใหม่ไชยพจน์,,,
บุรีรัมย์,5,พุทไธสง,,,
บุรีรัมย์,5,คูเมือง,พรสำราญ,ยกเว้น,
บุรีรัมย์,6,ลำปลายมาศ,,,
บุรีรัมย์,6,คูเมือง,พรสำราญ,เฉพาะ,
บุรีรัมย์,6,หนองหงส์,ไทยสามัคคี,เฉพาะ,
บุรีรัมย์,6,หนองหงส์,สระทอง,เฉพาะ,
บุรีรัมย์,6,หนองหงส์,เสาเดียว,เฉพาะ,
บุรีรัมย์,7,ปะคำ,ไทยเจริญ,เฉพาะ,
บุรีรัมย์,7,ปะคำ,หนองบัว,เฉพาะ,
บุรีรัมย์,7,ปะคำ,โคกมะม่วง,เฉพาะ,
บุรีรัมย์,7,โนนสุวรรณ,,,
บุรีรัมย์,7,หนองกี่,,,
บุรีรัมย์,7,หนองหงส์,หนองชัยศรี,เฉพาะ,
บุรีรัมย์,7,หนองหงส์,ห้วยหิน,เฉพาะ,
บุรีรัมย์,7,หนองหงส์,เมืองฝ้าย,เฉพาะ,
บุรีรัมย์,7,หนองหงส์,สระแก้ว,เฉพาะ,
บุรีรัมย์,8,นางรอง,,,
บุรีรัมย์,8,เฉลิมพระเกียรติ,เจริญสุข,เฉพาะ,
บุรีรัมย์,8,เฉลิมพระเกียรติ,ถาวร,เฉพาะ,
บุรีรัมย์,8,ปะคำ,ปะคำ,เฉพาะ,
บุรีรัมย์,8,ปะคำ,หูทำนบ,เฉพาะ,
บุรีรัมย์,8,โนนดินแดง,โนนดินแดง,เฉพาะ,
บุรีรัมย์,9,โนนดินแดง,โนนดินแดง,ยกเว้น,
บุรีรัมย์,9,ละหานทราย,,,
บุรีรัมย์,9,บ้านกรวด,บ้านกรวด,เฉพาะ,
บุรีรัมย์,9,บ้านกรวด,ปราสาท,เฉพาะ,
บุรีรัมย์,9,บ้านกรวด,บึงเจริญ,เฉพาะ,
บุรีรัมย์,9,บ้านกรวด,จันทบเพชร,เฉพาะ,
บุรีรัมย์,9,บ้านกรวด,หนองไม้งาม,เฉพาะ,
บุรีรัมย์,9,เฉลิมพระเกียรติ,ยายแย้มวัฒนา,เฉพาะ,
บุรีรัมย์,9,เฉลิมพระเกียรติ,อีสานเขต,เฉพาะ,
บุรีรัมย์,9,เฉลิมพระเกียรติ,ตาเป๊ก,เฉพาะ,
บุรีรัมย์,10,ประโคนชัย,ไพศาล,ยกเว้น,
บุรีรัมย์,10,บ้านกรวด,เขาดินเหนือ,เฉพาะ,
บุรีรัมย์,10,บ้านกรวด,โนนเจริญ,เฉพาะ,
บุรีรัมย์,10,บ้านกรวด,หินลาด,เฉพาะ,
บุรีรัมย์,10,บ้านกรวด,สายตะกู,เฉพาะ,
อุดรธานี,1,เมืองอุดรธานี,หมากแข้ง,เฉพาะ,
อุดรธานี,1,เมืองอุดรธานี,หนองบัว,เฉพาะ,
อุดรธานี,1,เมืองอุดรธานี,นาดี,เฉพาะ,
อุดรธานี,1,เมืองอุดรธานี,บ้านเลื่อม,เฉพาะ,
อุดรธานี,2,เมืองอุดรธานี,บ้านตาด,เฉพาะ,
อุดรธานี,2,เมืองอุดรธานี,โนนสูง,เฉพาะ,
อุดรธานี,2,เมืองอุดรธานี,หมูม่น,เฉพาะ,
อุดรธานี,2,เมืองอุดรธานี,หนองนาคำ,เฉพาะ,
อุดรธานี,2,เมืองอุดรธานี,กุดสระ,เฉพาะ,
อุดรธานี,2,เมืองอุดรธานี,สามพร้าว,เฉพาะ,
อุดรธานี,2,เมืองอุดรธานี,นาข่า,เฉพาะ,
อุดรธานี,2,เมืองอุดรธานี,บ้านจั่น,เฉพาะ,
อุดรธานี,2,เมืองอุดรธานี,หนองขอนกว้าง,เฉพาะ,
อุดรธานี,2,เมืองอุดรธานี,นากว้าง,เฉพาะ,
อุดรธานี,3,เมืองอุดรธานี,บ้านขาว,เฉพาะ,
อุดรธานี,3,เพ็ญ,,,
อุดรธานี,3,สร้างคอม,,,
อุดรธานี,4,บ้านดุง,,,
อุดรธานี,4,ทุ่งฝน,,,
อุดรธานี,5,หนองหาน,,,
อุดรธานี,5,พิบูลย์รักษ์,,,
อุดรธานี,5,กู่แก้ว,ค้อใหญ่,เฉพาะ,
อุดรธานี,5,กู่แก้ว,คอนสาย,เฉพาะ,
อุดรธานี,6,ไชยวาน,,,
อุดรธานี,6,ศรีธาตุ,,,
อุดรธานี,6,วังสามหมอ,,,
อุดรธานี,6,กู่แก้ว,บ้านจีต,เฉพาะ,
อุดรธานี,6,กู่แก้ว,โนนทองอินทร์,เฉพาะ,
อุดรธานี,7,เมืองอุดรธานี,หนองไผ่,เฉพาะ,
อุดรธานี,7,กุมภวาปี,,,
อุดรธานี,7,ประจักษ์ศิลปาคม,,,
อุดรธานี,8,เมืองอุดรธานี,หนองไฮ,เฉพาะ,
อุดรธานี,8,หนองวัวซอ,,,
อุดรธานี,8,โนนสะอาด,,,
อุดรธานี,8,หนองแสง,,,
อุดรธานี,9,เมืองอุดรธานี,นิคมสงเคราะห์,เฉพาะ,
อุดรธานี,9,เมืองอุดรธานี,เชียงยืน,เฉพาะ,
อุดรธานี,9,เมืองอุดรธานี,เชียงพิณ,เฉพาะ,
อุดรธานี,9,เมืองอุดรธานี,โคกสะอาด,เฉพาะ,
อุดรธานี,9,กุดจับ,,,
อุดรธานี,9,บ้านผือ,เขือน้ำ,เฉพาะ,
อุดรธานี,9,บ้านผือ,คำบง,เฉพาะ,
อุดรธานี,9,บ้านผือ,โนนทอง,เฉพาะ,
อุดรธานี,9,บ้านผือ,หนองหัวคู,เฉพาะ,
อุดรธานี,9,บ้านผือ,หนองแวง,เฉพาะ,
อุดรธานี,10,บ้านผือ,เขือน้ำ,ยกเว้น,
อุดรธานี,10,บ้านผือ,คำบง,ยกเว้น,
อุดรธานี,10,บ้านผือ,โนนทอง,ยกเว้น,
อุดรธานี,10,บ้านผือ,หนองหัวคู,ยกเว้น,
อุดรธานี,10,บ้านผือ,หนองแวง,ยกเว้น,
อุดรธานี,10,น้ำโสม,,,
อุดรธานี,10,นายูง,,,
ขอนแก่น,1,เมืองขอนแก่น,ในเมือง,เฉพาะ,
ขอนแก่น,1,เมืองขอนแก่น,เมืองเก่า,เฉพาะ,
ขอนแก่น,1,เมืองขอนแก่น,พระลับ,เฉพาะ,
ขอนแก่น,2,เมืองขอนแก่น,บ้านเป็ด,เฉพาะ,
ขอนแก่น,2,เมืองขอนแก่น,ศิลา,เฉพาะ,
ขอนแก่น,2,เมืองขอนแก่น,โคกสี,เฉพาะ,
ขอนแก่น,2,เมืองขอนแก่น,หนองตูม,เฉพาะ,
ขอนแก่น,2,เมืองขอนแก่น,แดงใหญ่,เฉพาะ,
ขอนแก่น,2,เมืองขอนแก่น,บึงเนียม,เฉพาะ,
ขอนแก่น,2,เมืองขอนแก่น,,เฉพาะ,
ขอนแก่น,2,เมืองขอนแก่น,สาวะถี,เฉพาะ,
ขอนแก่น,3,กระนวน,,,
ขอนแก่น,3,น้ำพอง,บัวเงิน,เฉพาะ,
ขอนแก่น,3,น้ำพอง,พังทุย,เฉพาะ,
ขอนแก่น,3,น้ำพอง,ทรายมูล,เฉพาะ,
ขอนแก่น,3,น้ำพอง,บัวใหญ่,เฉพาะ,
ขอนแก่น,3,น้ำพอง,บ้านขาม,เฉพาะ,
ขอนแก่น,3,เขาสวนกวาง,เขาสวนกวาง,เฉพาะ,
ขอนแก่น,3,เขาสวนกวาง,คำม่วง,เฉพาะ,
ขอนแก่น,4,น้ำพอง,น้ำพอง,เฉพาะ,
ขอนแก่น,4,น้ำพอง,สะอาด,เฉพาะ,
ขอนแก่น,4,น้ำพอง,กุดน้ำใส,เฉพาะ,
ขอนแก่น,4,น้ำพอง,วังชัย,เฉพาะ,
ขอนแก่น,4,น้ำพอง,หนองกุง,เฉพาะ,
ขอนแก่น,4,น้ำพอง,ม่วงหวาน,เฉพาะ,
ขอนแก่น,4,น้ำพอง,ท่ากระเสริม,เฉพาะ,
ขอนแก่น,4,อุบลรัตน์,,,
ขอนแก่น,4,เขาสวนกวาง,นางิ้ว,,
ขอนแก่น,4,เขาสวนกวาง,โนนสมบูรณ์,,
ขอนแก่น,4,เมืองขอนแก่น,บ้านค้อ,เฉพาะ,
ขอนแก่น,4,เมืองขอนแก่น,โนนท่อน,เฉพาะ,
ขอนแก่น,5,ภูเวียง,ภูเวียง,เฉพาะ,
ขอนแก่น,5,ภูเวียง,บ้านเรือ,เฉพาะ,
ขอนแก่น,5,ภูเวียง,,เฉพาะ,
ขอนแก่น,5,ภูเวียง,หว้าทอง,เฉพาะ,
ขอนแก่น,5,ภูเวียง,ทุ่งชมพู,เฉพาะ,
ขอนแก่น,5,ภูเวียง,นาหว้า,เฉพาะ,
ขอนแก่น,5,ภูเวียง,หนองกุงธนสาร,เฉพาะ,
ขอนแก่น,5,ภูเวียง,นาชุมแสง,เฉพาะ,
ขอนแก่น,5,ภูเวียง,สงเปือย,เฉพาะ,
ขอนแก่น,5,สีชมพู,สีชมพู,เฉพาะ,
ขอนแก่น,5,สีชมพู,บริบูรณ์,เฉพาะ,
ขอนแก่น,5,สีชมพู,ดงลาน,เฉพาะ,
ขอนแก่น,5,สีชมพู,บ้านใหม่,เฉพาะ,
ขอนแก่น,5,สีชมพู,ภูห่าน,เฉพาะ,
ขอนแก่น,5,สีชมพู,หนองแดง,เฉพาะ,
ขอนแก่น,5,สีชมพู,ศรีสุข,เฉพาะ,
ขอนแก่น,5,สีชมพู,วังเพิ่ม,เฉพาะ,
ขอนแก่น,5,หนองนาคำ,,,
ขอนแก่น,5,เวียงเก่า,,,
ขอนแก่น,6,ชุมแพ,,,
ขอนแก่น,6,ภูผาม่าน,,,
ขอนแก่น,6,สีชมพู,ซำยาง,เฉพาะ,
ขอนแก่น,6,สีชมพู,นาจาน,เฉพาะ,
ขอนแก่น,7,หนองเรือ,,,
ขอนแก่น,7,บ้านฝาง,,,
ขอนแก่น,7,ภูเวียง,หนองกุงเซิน,เฉพาะ,
ขอนแก่น,7,ภูเวียง,กุดขอนแก่น,เฉพาะ,
ขอนแก่น,8,มัญจาคีรี,,,
ขอนแก่น,8,พระยืน,,,
ขอนแก่น,8,เมืองขอนแก่น,บ้านทุ่ม,เฉพาะ,
ขอนแก่น,8,เมืองขอนแก่น,บ้านหว้า,เฉพาะ,
ขอนแก่น,8,เมืองขอนแก่น,ดอนช้าง,เฉพาะ,
ขอนแก่น,8,เมืองขอนแก่น,ดอนหัน,เฉพาะ,
ขอนแก่น,8,เมืองขอนแก่น,ท่าพระ,เฉพาะ,
ขอนแก่น,9,พล,,,
ขอนแก่น,9,แวงน้อย,,,
ขอนแก่น,9,แวงใหญ่,,,
ขอนแก่น,10,หนองสองห้อง,,,
ขอนแก่น,10,โนนศิลา,,,
ขอนแก่น,10,เปือยน้อย,,,
ขอนแก่น,10,โคกโพธิ์ไชย,,,
ขอนแก่น,10,ชนบท,ห้วยแก,เฉพาะ,
ขอนแก่น,10,ชนบท,วังแสง,เฉพาะ,
ขอนแก่น,10,ชนบท,ปอแดง,เฉพาะ,
ขอนแก่น,11,บ้านไผ่,,,
ขอนแก่น,11,บ้านแฮด,,,
ขอนแก่น,11,ชนบท,ศรีบุญเรือง,เฉพาะ,
ขอนแก่น,11,ชนบท,ชนบท,เฉพาะ,
ขอนแก่น,11,ชนบท,โนนพะยอม,เฉพาะ,
ขอนแก่น,11,ชนบท,บ้านแท่น,เฉพาะ,
ขอนแก่น,11,ชนบท,กุดเพียขอม,เฉพาะ,
อุบลราชธานี,1,เมืองอุบลราชธานี,ไร่น้อย,ยกเว้น,
อุบลราชธานี,1,เมืองอุบลราชธานี,หัวเรือ,ยกเว้น,
อุบลราชธานี,1,เมืองอุบลราชธานี,ขี้เหล็ก,ยกเว้น,
อุบลราชธานี,1,เมืองอุบลราชธานี,ปะอาว,ยกเว้น,
อุบลราชธานี,1,เมืองอุบลราชธานี,หนองขอน,ยกเว้น,
อุบลราชธานี,2,เมืองอุบลราชธานี,ไร่น้อย,เฉพาะ,
อุบลราชธานี,2,เมืองอุบลราชธานี,หัวเรือ,เฉพาะ,
อุบลราชธานี,2,เมืองอุบลราชธานี,ขี้เหล็ก,เฉพาะ,
อุบลราชธานี,2,เมืองอุบลราชธานี,ปะอาว,เฉพาะ,
อุบลราชธานี,2,เมืองอุบลราชธานี,หนองขอน,เฉพาะ,
อุบลราชธานี,2,เขื่องใน,,,
อุบลราชธานี,3,ม่วงสามสิบ,,,
อุบลราชธานี,3,ดอนมดแดง,,,
อุบลราชธานี,3,เหล่าเสือโก้ก,,,
อุบลราชธานี,3,ตาลสุม,,,
อุบลราชธานี,4,วารินชำราบ,,,
อุบลราชธานี,4,สำโรง,สำโรง,เฉพาะ,
อุบลราชธานี,4,สำโรง,โคกก่อง,เฉพาะ,
อุบลราชธานี,4,สำโรง,บอน,เฉพาะ,
อุบลราชธานี,5,ตระการพืชผล,,,
อุบลราชธานี,5,กุดข้าวปุ้น,,,
อุบลราชธานี,6,เขมราฐ,,,
อุบลราชธานี,6,โพธิ์ไทร,,,
อุบลราชธานี,6,นาตาล,,,
อุบลราชธานี,7,ศรีเมืองใหม่,,,
อุบลราชธานี,7,โขงเจียม,,,
อุบลราชธานี,7,สิรินธร,โนนก่อ,ยกเว้น,
อุบลราชธานี,7,พิบูลมังสาหาร,ระเว,เฉพาะ,
อุบลราชธานี,7,พิบูลมังสาหาร,ทรายมูล,เฉพาะ,
อุบลราชธานี,8,พิบูลมังสาหาร,ระเว,ยกเว้น,
อุบลราชธานี,8,พิบูลมังสาหาร,ทรายมูล,ยกเว้น,
อุบลราชธานี,8,สว่างวีระวงศ์,,,
อุบลราชธานี,8,นาเยีย,,,
อุบลราชธานี,9,บุณฑริก,,,
อุบลราชธานี,9,นาจะหลวย,,,
อุบลราชธานี,9,สิรินธร,โนนก่อ,เฉพาะ,
อุบลราชธานี,10,น้ำยืน,,,
อุบลราชธานี,10,ทุ่งศรีอุดม,,,
อุบลราชธานี,10,น้ำขุ่น,,,
อุบลราชธานี,10,สำโรง,สำโรง,ยกเว้น,
อุบลราชธานี,10,สำโรง,โคกก่อง,ยกเว้น,
อุบลราชธานี,10,สำโรง,บอน,ยกเว้น,
อุบลราชธานี,10,เดชอุดม,ทุ่งเทิง,เฉพาะ,
อุบลราชธานี,11,เดชอุดม,ทุ่งเทิง,ยกเว้น,
นครราชสีมา,1,เมืองนครราชสีมา,ในเมือง,เฉพาะ,
นครราชสีมา,1,เมืองนครราชสีมา,โพธิ์กลาง,เฉพาะ,
นครราชสีมา,1,เมืองนครราชสีมา,หนองไผ่ล้อม,เฉพาะ,
นครราชสีมา,2,เมืองนครราชสีมา,โคกสูง,เฉพาะ,
นครราชสีมา,2,เมืองนครราชสีมา,บ้านโพธิ์,เฉพาะ,
นครราชสีมา,2,เมืองนครราชสีมา,ตลาด,เฉพาะ,
นครราชสีมา,2,เมืองนครราชสีมา,หนองไข่น้ำ,เฉพาะ,
นครราชสีมา,2,เมืองนครราชสีมา,บ้านเกาะ,เฉพาะ,
นครราชสีมา,2,เมืองนครราชสีมา,พะเนา,เฉพาะ,
นครราชสีมา,2,เมืองนครราชสีมา,มะเริง,เฉพาะ,
นครราชสีมา,2,เมืองนครราชสีมา,หนองบัวศาลา,เฉพาะ,
นครราชสีมา,2,เมืองนครราชสีมา,หนองระเวียง,เฉพาะ,
นครราชสีมา,2,เมืองนครราชสีมา,หัวทะเล,เฉพาะ,
นครราชสีมา,2,เมืองนครราชสีมา,จอหอ,เฉพาะ,
นครราชสีมา,3,เมืองนครราชสีมา,โคกกรวด,เฉพาะ,
นครราชสีมา,3,เมืองนครราชสีมา,ปรุใหญ่,เฉพาะ,
นครราชสีมา,3,เมืองนครราชสีมา,หนองจะบก,เฉพาะ,
นครราชสีมา,3,เมืองนครราชสีมา,สุรนารี,เฉพาะ,
นครราชสีมา,3,เมืองนครราชสีมา,หมื่นไวย,เฉพาะ,
นครราชสีมา,3,เมืองนครราชสีมา,บ้านใหม่,เฉพาะ,
นครราชสีมา,3,เมืองนครราชสีมา,ไชยมงคล,เฉพาะ,
นครราชสีมา,3,เมืองนครราชสีมา,หนองกระทุ่ม,เฉพาะ,
นครราชสีมา,3,เมืองนครราชสีมา,พลกรัง,เฉพาะ,
นครราชสีมา,3,เมืองนครราชสีมา,พุดซา,เฉพาะ,
นครราชสีมา,3,เมืองนครราชสีมา,สีมุม,เฉพาะ,
นครราชสีมา,3,โนนไทย,ด่านจาก,เฉพาะ,
นครราชสีมา,3,โนนไทย,กำปัง,เฉพาะ,
นครราชสีมา,3,โนนไทย,สำโรง,เฉพาะ,
นครราชสีมา,4,สูงเนิน,,,
นครราชสีมา,4,ขามทะเลสอ,,,
นครราชสีมา,4,โนนไทย,ด่านจาก,ยกเว้น,
นครราชสีมา,4,โนนไทย,กำปัง,ยกเว้น,
นครราชสีมา,4,โนนไทย,สำโรง,ยกเว้น,
นครราชสีมา,5,โนนสูง,,,
นครราชสีมา,5,เฉลิมพระเกียรติ,พระพุทธ,ยกเว้น,
นครราชสีมา,5,เฉลิมพระเกียรติ,หนองยาง,ยกเว้น,
นครราชสีมา,5,เฉลิมพระเกียรติ,หนองงูเหลือม,ยกเว้น,
นครราชสีมา,5,พิมาย,สัมฤทธิ์,เฉพาะ,
นครราชสีมา,5,พิมาย,ชีวาน,เฉพาะ,
นครราชสีมา,5,พิมาย,กระเบื้องใหญ่,เฉพาะ,
นครราชสีมา,5,พิมาย,ท่าหลวง,เฉพาะ,
นครราชสีมา,6,บัวใหญ่,,,
นครราชสีมา,6,แก้งสนามนาง,,,
นครราชสีมา,6,สีดา,,,
นครราชสีมา,6,บัวลาย,,,
นครราชสีมา,7,ประทาย,,,
นครราชสีมา,7,โนนแดง,,,
นครราชสีมา,7,ลำทะเมนชัย,,,
นครราชสีมา,7,เมืองยาง,,,
นครราชสีมา,8,พิมาย,สัมฤทธิ์,ยกเว้น,
นครราชสีมา,8,พิมาย,ชีวาน,ยกเว้น,
นครราชสีมา,8,พิมาย,กระเบื้องใหญ่,ยกเว้น,
นครราชสีมา,8,พิมาย,ท่าหลวง,ยกเว้น,
นครราชสีมา,8,ชุมพวง,โนนตูม,ยกเว้น,
นครราชสีมา,8,ชุมพวง,ตลาดไทร,ยกเว้น,
นครราชสีมา,9,ห้วยแถลง,,,
นครราชสีมา,9,จักราช,,,
นครราชสีมา,9,ชุมพวง,โนนตูม,เฉพาะ,
นครราชสีมา,9,ชุมพวง,ตลาดไทร,เฉพาะ,
นครราชสีมา,10,โชคชัย,,,
นครราชสีมา,10,ครบุรี,มาบตะโกเอน,ยกเว้น,
นครราชสีมา,10,ครบุรี,ตะแบกบาน,ยกเว้น,
นครราชสีมา,10,ครบุรี,ลำเพียก,ยกเว้น,
นครราชสีมา,10,ครบุรี,โคกกระชาย,ยกเว้น,
นครราชสีมา,10,ครบุรี,สระว่านพระยา,ยกเว้น,
นครราชสีมา,10,เฉลิมพระเกียรติ,หนองงูเหลือม,เฉพาะ,
นครราชสีมา,10,เฉลิมพระเกียรติ,พระพุทธ,เฉพาะ,
นครราชสีมา,10,เฉลิมพระเกียรติ,หนองยาง,เฉพาะ,
นครราชสีมา,11,หนองบุญมาก,,,
นครราชสีมา,11,เสิงสาง,,,
นครราชสีมา,11,ครบุรี,มาบตะโกเอน,เฉพาะ,
นครราชสีมา,11,ครบุรี,ตะแบกบาน,เฉพาะ,
นครราชสีมา,11,ครบุรี,ลำเพียก,เฉพาะ,
นครราชสีมา,11,ครบุรี,โคกกระชาย,เฉพาะ,
นครราชสีมา,11,ครบุรี,สระว่านพระยา,เฉพาะ,
นครราชสีมา,12,ปักธงชัย,,,
นครราชสีมา,12,วังน้ำเขียว,,,
นครราชสีมา,13,สีคิ้ว,,,
นครราชสีมา,13,ปากช่อง,วังไทร,เฉพาะ,
นครราชสีมา,13,ปากช่อง,คลองม่วง,เฉพาะ,
นครราชสีมา,13,ปากช่อง,วังกะทะ,เฉพาะ,
นครราชสีมา,13,ปากช่อง,โป่งตาลอง,เฉพาะ,
นครราชสีมา,14,ปากช่อง,วังไทร,ยกเว้น,
นครราชสีมา,14,ปากช่อง,คลองม่วง,ยกเว้น,
นครราชสีมา,14,ปากช่อง,วังกะทะ,ยกเว้น,
นครราชสีมา,14,ปากช่อง,โป่งตาลอง,ยกเว้น,
นครราชสีมา,15,ด่านขุนทด,,,
นครราชสีมา,15,เทพารักษ์,,,
นครราชสีมา,15,พระทองคำ,ทัพรั้ง,เฉพาะ,
นครราชสีมา,15,พระทองคำ,มาบกราด,เฉพาะ,
นครราชสีมา,16,คง,,,
นครราชสีมา,16,ขามสะแกแสง,,,
นครราชสีมา,16,บ้านเหลื่อม,,,
นครราชสีมา,16,พระทองคำ,ทัพรั้ง,ยกเว้น,
นครราชสีมา,16,พระทองคำ,มาบกราด,ยกเว้น,
กรุงเทพมหานคร,1,พระนคร,,,
กรุงเทพมหานคร,1,ป้อมปราบศัต,,,
กรุงเทพมหานคร,1,สัมพันธวงศ์,,,
กรุงเทพมหานคร,1,ดุสิต,ถนนนครไชยศร,ยกเว้น,
กรุงเทพมหานคร,1,บางรัก,,,
กรุงเทพมหานคร,2,สาทร,,,
กรุงเทพมหานคร,2,ปทุมวัน,,,
กรุงเทพมหานคร,2,ราชเทวี,,,
กรุงเทพมหานคร,3,บางคอแหลม,,,
กรุงเทพมหานคร,3,ยานนาวา,,,
กรุงเทพมหานคร,4,คลองเตย,,,
กรุงเทพมหานคร,4,วัฒนา,,,
กรุงเทพมหานคร,5,ห้วยขวาง,,,
กรุงเทพมหานคร,5,วังทองหลาง,คลองเจ้าคุณ,ยกเว้น,
กรุงเทพมหานคร,6,พญาไท,,,
กรุงเทพมหานคร,6,ดินแดง,,,
กรุงเทพมหานคร,7,บางซื่อ,,,
กรุงเทพมหานคร,7,ดุสิต,ถนนนครไชยศร,เฉพาะ,
กรุงเทพมหานคร,8,หลักสี่,ตลาดบางเขน,ยกเว้น,
กรุงเทพมหานคร,8,จตุจักร,จันทรเกษม,ยกเว้น,
กรุงเทพมหานคร,8,จตุจักร,เสนานิคม,ยกเว้น,
กรุงเทพมหานคร,9,บางเขน,ท่าแร้ง,ยกเว้น,
กรุงเทพมหานคร,9,จตุจักร,จันทรเกษม,เฉพาะ,
กรุงเทพมหานคร,9,จตุจักร,เสนานิคม,เฉพาะ,
กรุงเทพมหานคร,9,หลักสี่,ตลาดบางเขน,เฉพาะ,
กรุงเทพมหานคร,10,ดอนเมือง,,,
กรุงเทพมหานคร,11,สายไหม,ออเงิน,ยกเว้น,
กรุงเทพมหานคร,12,สายไหม,ออเงิน,เฉพาะ,
กรุงเทพมหานคร,12,บางเขน,ท่าแร้ง,เฉพาะ,
กรุงเทพมหานคร,12,ลาดพร้าว,จรเข้บัว,เฉพาะ,
กรุงเทพมหานคร,13,ลาดพร้าว,จรเข้บัว,ยกเว้น,
กรุงเทพมหานคร,13,บึงกุ่ม,คลองกุ่ม,ยกเว้น,
กรุงเทพมหานคร,14,วังทองหลาง,คลองเจ้าคุณ,เฉพาะ,
กรุงเทพมหานคร,14,บางกะปิ,,,
กรุงเทพมหานคร,15,คันนายาว,,,
กรุงเทพมหานคร,15,บึงกุ่ม,คลองกุ่ม,เฉพาะ,
กรุงเทพมหานคร,16,คลองสามวา,สามวาตะวันอ,ยกเว้น,
กรุงเทพมหานคร,16,คลองสามวา,ทรายกองดินใ,ยกเว้น,
กรุงเทพมหานคร,17,หนองจอก,โคกแฝด,ยกเว้น,
กรุงเทพมหานคร,17,หนองจอก,ลำผักชี,ยกเว้น,
กรุงเทพมหานคร,17,หนองจอก,ลำต้อยติ่ง,ยกเว้น,
กรุงเทพมหานคร,17,คลองสามวา,สามวาตะวันอ,เฉพาะ,
กรุงเทพมหานคร,17,คลองสามวา,ทรายกองดินใ,เฉพาะ,
กรุงเทพมหานคร,18,หนองจอก,โคกแฝด,เฉพาะ,
กรุงเทพมหานคร,18,หนองจอก,ลำผักชี,เฉพาะ,
กรุงเทพมหานคร,18,หนองจอก,ลำต้อยติ่ง,เฉพาะ,
กรุงเทพมหานคร,18,ลาดกระบัง,ลำปลาทิว,เฉพาะ,
กรุงเทพมหานคร,18,มีนบุรี,แสนแสบ,เฉพาะ,
กรุงเทพมหานคร,19,มีนบุรี,แสนแสบ,ยกเว้น,
กรุงเทพมหานคร,19,สะพานสูง,ทับช้าง,ยกเว้น,
กรุงเทพมหานคร,20,ลาดกระบัง,ลำปลาทิว,ยกเว้น,
กรุงเทพมหานคร,21,ประเวศ,หนองบอน,ยกเว้น,
กรุงเทพมหานคร,21,สะพานสูง,ทับช้าง,เฉพาะ,
กรุงเทพมหานคร,22,สวนหลวง,,,
กรุงเทพมหานคร,22,ประเวศ,หนองบอน,เฉพาะ,
กรุงเทพมหานคร,23,พระโขนง,,,
กรุงเทพมหานคร,23,บางนา,,,
กรุงเทพมหานคร,24,ธนบุรี,วัดกัลยาณ์,ยกเว้น,
กรุงเทพมหานคร,24,ธนบุรี,หิรัญรูจี,ยกเว้น,
กรุงเทพมหานคร,24,ธนบุรี,บางยี่เรือ,ยกเว้น,
กรุงเทพมหานคร,24,คลองสาน,,,
กรุงเทพมหานคร,24,ราษฎร์บูรณะ,บางปะกอก,เฉพาะ,
กรุงเทพมหานคร,25,ทุ่งครุ,,,
กรุงเทพมหานคร,25,ราษฎร์บูรณะ,บางปะกอก,ยกเว้น,
กรุงเทพมหานคร,26,บางขุนเทียน,ท่าข้าม,เฉพาะ,
กรุงเทพมหานคร,26,จอมทอง,บางขุนเทียน,ยกเว้น,
กรุงเทพมหานคร,27,บางบอน,คลองบางบอนใ,เฉพาะ,
กรุงเทพมหานคร,27,บางบอน,คลองบางบอน,เฉพาะ,
กรุงเทพมหานคร,27,บางขุนเทียน,ท่าข้าม,ยกเว้น,
กรุงเทพมหานคร,28,จอมทอง,บางขุนเทียน,เฉพาะ,
กรุงเทพมหานคร,28,บางบอน,คลองบางบอนใ,ยกเว้น,
กรุงเทพมหานคร,28,บางบอน,คลองบางบอน,ยกเว้น,
กรุงเทพมหานคร,28,หนองแขม,หนองแขม,เฉพาะ,
กรุงเทพมหานคร,29,บางแค,บางแคเหนือ,เฉพาะ,
กรุงเทพมหานคร,29,บางแค,บางไผ่,เฉพาะ,
กรุงเทพมหานคร,29,หนองแขม,หนองแขม,ยกเว้น,
กรุงเทพมหานคร,30,บางแค,บางแคเหนือ,ยกเว้น,
กรุงเทพมหานคร,30,บางแค,บางไผ่,ยกเว้น,
กรุงเทพมหานคร,30,ภาษีเจริญ,บางหว้า,เฉพาะ,
กรุงเทพมหานคร,30,ภาษีเจริญ,บางด้วน,เฉพาะ,
กรุงเทพมหานคร,30,ภาษีเจริญ,คลองขวาง,เฉพาะ,
กรุงเทพมหานคร,31,ทวีวัฒนา,,,
กรุงเทพมหานคร,31,ตลิ่งชัน,บางเชือกหนั,ยกเว้น,
กรุงเทพมหานคร,32,บางกอกน้อย,ศิริราช,เฉพาะ,
กรุงเทพมหานคร,32,บางกอกใหญ่,,,
กรุงเทพมหานคร,32,ภาษีเจริญ,บางหว้า,ยกเว้น,
กรุงเทพมหานคร,32,ภาษีเจริญ,บางด้วน,ยกเว้น,
กรุงเทพมหานคร,32,ภาษีเจริญ,คลองขวาง,ยกเว้น,
กรุงเทพมหานคร,32,ตลิ่งชัน,บางเชือกหนั,เฉพาะ,
กรุงเทพมหานคร,32,ธนบุรี,วัดกัลยาณ์,เฉพาะ,
กรุงเทพมหานคร,32,ธนบุรี,หิรัญรูจี,เฉพาะ,
กรุงเทพมหานคร,32,ธนบุรี,บางยี่เรือ,เฉพาะ,
กรุงเทพมหานคร,33,บางพลัด,,,
กรุงเทพมหานคร,33,บางกอกน้อย,ศิริราช,ยกเว้น,
